organization,category,contact_type,contact_value,source_url,note,draft_subject_ko,draft_subject_en,draft_body_ko,draft_body_en,draft_short_ko,recommended_action
팀스파르타(스파르타코딩클럽/항해99/내일배움캠프),교육 공급사(B2B),email,contact@teamsparta.co,https://spartacodingclub.kr/catalog/web,공식 사이트 하단,[CodeInsight] AI 시대 코드 해석력 강화를 위한 도입 제안,[CodeInsight] Proposal for strengthening code interpretation skills in the AI era,"안녕하세요, 팀스파르타(스파르타코딩클럽/항해99/내일배움캠프) 담당자님.\n\nAI가 코딩을 대신해주는 시대일수록 학습자에게 필요한 역량은\n작성 속도보다 코드 해석력과 디버깅 이해력입니다.\n\nCodeInsight는 코드 실행 과정을 단계별로 시각화해\n학습자가 실행 흐름과 메모리 변화를 직관적으로 이해하도록 돕습니다.\n\n핵심 기능:\n- 코드 실행 단계별 시각화\n- 변수/메모리 상태 변화 추적\n- 함수 호출 흐름 추적\n- 레슨 모드 + 플레이그라운드 모드\n- C / Python / JavaScript / Java 지원\n\n도입 혜택:\n- 맞춤 커리큘럼 제공(과정/난이도/언어 기준)\n\n먼저 아래 사이트에서 확인 부탁드립니다.\nhttps://codeinsight.online\n\n도입 검토 원하시면 회신 부탁드립니다.\n\nCodeInsight\nl89192164@gmail.com","Hi 팀스파르타(스파르타코딩클럽/항해99/내일배움캠프) team,\n\nIn the AI era, learners need code interpretation and debugging understanding more than typing speed.\n\nCodeInsight helps learners understand runtime behavior visually, including execution flow and memory changes.\n\nCore features:\n- Step-by-step code execution visualization\n- Variable and memory state tracking\n- Function call flow tracing\n- Lesson mode + Playground mode\n- Support for C / Python / JavaScript / Java\n\nAdoption benefit:\n- Customized curriculum aligned to track, level, and language\n\nPlease try it first:\nhttps://codeinsight.online\n\nIf adoption is relevant for your organization, just reply to this email.\n\nCodeInsight\nl89192164@gmail.com","안녕하세요, 팀스파르타(스파르타코딩클럽/항해99/내일배움캠프) 담당자님. AI 시대에는 코드 작성 속도보다 해석력/디버깅 이해력이 중요합니다. CodeInsight는 코드 실행 흐름·메모리 변화를 시각화해 학습 이해도를 높입니다. 맞춤 커리큘럼 제공 가능하며, 먼저 https://codeinsight.online 에서 확인 부탁드립니다.",이메일 본문 그대로 발송
팀스파르타(스파르타코딩클럽/항해99/내일배움캠프),교육 공급사(B2B),phone,1522-8016,https://spartacodingclub.kr/catalog/web,공식 사이트 하단,[CodeInsight] AI 시대 코드 해석력 강화를 위한 도입 제안,[CodeInsight] Proposal for strengthening code interpretation skills in the AI era,"안녕하세요, 팀스파르타(스파르타코딩클럽/항해99/내일배움캠프) 담당자님.\n\nAI가 코딩을 대신해주는 시대일수록 학습자에게 필요한 역량은\n작성 속도보다 코드 해석력과 디버깅 이해력입니다.\n\nCodeInsight는 코드 실행 과정을 단계별로 시각화해\n학습자가 실행 흐름과 메모리 변화를 직관적으로 이해하도록 돕습니다.\n\n핵심 기능:\n- 코드 실행 단계별 시각화\n- 변수/메모리 상태 변화 추적\n- 함수 호출 흐름 추적\n- 레슨 모드 + 플레이그라운드 모드\n- C / Python / JavaScript / Java 지원\n\n도입 혜택:\n- 맞춤 커리큘럼 제공(과정/난이도/언어 기준)\n\n먼저 아래 사이트에서 확인 부탁드립니다.\nhttps://codeinsight.online\n\n도입 검토 원하시면 회신 부탁드립니다.\n\nCodeInsight\nl89192164@gmail.com","Hi 팀스파르타(스파르타코딩클럽/항해99/내일배움캠프) team,\n\nIn the AI era, learners need code interpretation and debugging understanding more than typing speed.\n\nCodeInsight helps learners understand runtime behavior visually, including execution flow and memory changes.\n\nCore features:\n- Step-by-step code execution visualization\n- Variable and memory state tracking\n- Function call flow tracing\n- Lesson mode + Playground mode\n- Support for C / Python / JavaScript / Java\n\nAdoption benefit:\n- Customized curriculum aligned to track, level, and language\n\nPlease try it first:\nhttps://codeinsight.online\n\nIf adoption is relevant for your organization, just reply to this email.\n\nCodeInsight\nl89192164@gmail.com","안녕하세요, 팀스파르타(스파르타코딩클럽/항해99/내일배움캠프) 담당자님. AI 시대에는 코드 작성 속도보다 해석력/디버깅 이해력이 중요합니다. CodeInsight는 코드 실행 흐름·메모리 변화를 시각화해 학습 이해도를 높입니다. 맞춤 커리큘럼 제공 가능하며, 먼저 https://codeinsight.online 에서 확인 부탁드립니다.",전화 후 담당자 이메일 요청 → 본문 전송
팀스파르타(스파르타코딩클럽/항해99/내일배움캠프),교육 공급사(B2B),chat,1:1 채팅상담,https://support.spartacodingclub.kr/,고객센터 채팅,[CodeInsight] AI 시대 코드 해석력 강화를 위한 도입 제안,[CodeInsight] Proposal for strengthening code interpretation skills in the AI era,"안녕하세요, 팀스파르타(스파르타코딩클럽/항해99/내일배움캠프) 담당자님.\n\nAI가 코딩을 대신해주는 시대일수록 학습자에게 필요한 역량은\n작성 속도보다 코드 해석력과 디버깅 이해력입니다.\n\nCodeInsight는 코드 실행 과정을 단계별로 시각화해\n학습자가 실행 흐름과 메모리 변화를 직관적으로 이해하도록 돕습니다.\n\n핵심 기능:\n- 코드 실행 단계별 시각화\n- 변수/메모리 상태 변화 추적\n- 함수 호출 흐름 추적\n- 레슨 모드 + 플레이그라운드 모드\n- C / Python / JavaScript / Java 지원\n\n도입 혜택:\n- 맞춤 커리큘럼 제공(과정/난이도/언어 기준)\n\n먼저 아래 사이트에서 확인 부탁드립니다.\nhttps://codeinsight.online\n\n도입 검토 원하시면 회신 부탁드립니다.\n\nCodeInsight\nl89192164@gmail.com","Hi 팀스파르타(스파르타코딩클럽/항해99/내일배움캠프) team,\n\nIn the AI era, learners need code interpretation and debugging understanding more than typing speed.\n\nCodeInsight helps learners understand runtime behavior visually, including execution flow and memory changes.\n\nCore features:\n- Step-by-step code execution visualization\n- Variable and memory state tracking\n- Function call flow tracing\n- Lesson mode + Playground mode\n- Support for C / Python / JavaScript / Java\n\nAdoption benefit:\n- Customized curriculum aligned to track, level, and language\n\nPlease try it first:\nhttps://codeinsight.online\n\nIf adoption is relevant for your organization, just reply to this email.\n\nCodeInsight\nl89192164@gmail.com","안녕하세요, 팀스파르타(스파르타코딩클럽/항해99/내일배움캠프) 담당자님. AI 시대에는 코드 작성 속도보다 해석력/디버깅 이해력이 중요합니다. CodeInsight는 코드 실행 흐름·메모리 변화를 시각화해 학습 이해도를 높입니다. 맞춤 커리큘럼 제공 가능하며, 먼저 https://codeinsight.online 에서 확인 부탁드립니다.",채팅/웹문의에 본문 축약본 전송
코드잇,교육 공급사(B2B),email,support@codeit.kr,https://www.codeit.kr/faq,공식 FAQ 하단,[CodeInsight] AI 시대 코드 해석력 강화를 위한 도입 제안,[CodeInsight] Proposal for strengthening code interpretation skills in the AI era,"안녕하세요, 코드잇 담당자님.\n\nAI가 코딩을 대신해주는 시대일수록 학습자에게 필요한 역량은\n작성 속도보다 코드 해석력과 디버깅 이해력입니다.\n\nCodeInsight는 코드 실행 과정을 단계별로 시각화해\n학습자가 실행 흐름과 메모리 변화를 직관적으로 이해하도록 돕습니다.\n\n핵심 기능:\n- 코드 실행 단계별 시각화\n- 변수/메모리 상태 변화 추적\n- 함수 호출 흐름 추적\n- 레슨 모드 + 플레이그라운드 모드\n- C / Python / JavaScript / Java 지원\n\n도입 혜택:\n- 맞춤 커리큘럼 제공(과정/난이도/언어 기준)\n\n먼저 아래 사이트에서 확인 부탁드립니다.\nhttps://codeinsight.online\n\n도입 검토 원하시면 회신 부탁드립니다.\n\nCodeInsight\nl89192164@gmail.com","Hi 코드잇 team,\n\nIn the AI era, learners need code interpretation and debugging understanding more than typing speed.\n\nCodeInsight helps learners understand runtime behavior visually, including execution flow and memory changes.\n\nCore features:\n- Step-by-step code execution visualization\n- Variable and memory state tracking\n- Function call flow tracing\n- Lesson mode + Playground mode\n- Support for C / Python / JavaScript / Java\n\nAdoption benefit:\n- Customized curriculum aligned to track, level, and language\n\nPlease try it first:\nhttps://codeinsight.online\n\nIf adoption is relevant for your organization, just reply to this email.\n\nCodeInsight\nl89192164@gmail.com","안녕하세요, 코드잇 담당자님. AI 시대에는 코드 작성 속도보다 해석력/디버깅 이해력이 중요합니다. CodeInsight는 코드 실행 흐름·메모리 변화를 시각화해 학습 이해도를 높입니다. 맞춤 커리큘럼 제공 가능하며, 먼저 https://codeinsight.online 에서 확인 부탁드립니다.",이메일 본문 그대로 발송
코드잇,교육 공급사(B2B),phone,02-6020-0870,https://www.codeit.kr/faq,공식 FAQ 하단,[CodeInsight] AI 시대 코드 해석력 강화를 위한 도입 제안,[CodeInsight] Proposal for strengthening code interpretation skills in the AI era,"안녕하세요, 코드잇 담당자님.\n\nAI가 코딩을 대신해주는 시대일수록 학습자에게 필요한 역량은\n작성 속도보다 코드 해석력과 디버깅 이해력입니다.\n\nCodeInsight는 코드 실행 과정을 단계별로 시각화해\n학습자가 실행 흐름과 메모리 변화를 직관적으로 이해하도록 돕습니다.\n\n핵심 기능:\n- 코드 실행 단계별 시각화\n- 변수/메모리 상태 변화 추적\n- 함수 호출 흐름 추적\n- 레슨 모드 + 플레이그라운드 모드\n- C / Python / JavaScript / Java 지원\n\n도입 혜택:\n- 맞춤 커리큘럼 제공(과정/난이도/언어 기준)\n\n먼저 아래 사이트에서 확인 부탁드립니다.\nhttps://codeinsight.online\n\n도입 검토 원하시면 회신 부탁드립니다.\n\nCodeInsight\nl89192164@gmail.com","Hi 코드잇 team,\n\nIn the AI era, learners need code interpretation and debugging understanding more than typing speed.\n\nCodeInsight helps learners understand runtime behavior visually, including execution flow and memory changes.\n\nCore features:\n- Step-by-step code execution visualization\n- Variable and memory state tracking\n- Function call flow tracing\n- Lesson mode + Playground mode\n- Support for C / Python / JavaScript / Java\n\nAdoption benefit:\n- Customized curriculum aligned to track, level, and language\n\nPlease try it first:\nhttps://codeinsight.online\n\nIf adoption is relevant for your organization, just reply to this email.\n\nCodeInsight\nl89192164@gmail.com","안녕하세요, 코드잇 담당자님. AI 시대에는 코드 작성 속도보다 해석력/디버깅 이해력이 중요합니다. CodeInsight는 코드 실행 흐름·메모리 변화를 시각화해 학습 이해도를 높입니다. 맞춤 커리큘럼 제공 가능하며, 먼저 https://codeinsight.online 에서 확인 부탁드립니다.",전화 후 담당자 이메일 요청 → 본문 전송
코드잇,교육 공급사(B2B),form,문의하기,https://www.codeit.kr/faq,공식 FAQ 내 문의 링크,[CodeInsight] AI 시대 코드 해석력 강화를 위한 도입 제안,[CodeInsight] Proposal for strengthening code interpretation skills in the AI era,"안녕하세요, 코드잇 담당자님.\n\nAI가 코딩을 대신해주는 시대일수록 학습자에게 필요한 역량은\n작성 속도보다 코드 해석력과 디버깅 이해력입니다.\n\nCodeInsight는 코드 실행 과정을 단계별로 시각화해\n학습자가 실행 흐름과 메모리 변화를 직관적으로 이해하도록 돕습니다.\n\n핵심 기능:\n- 코드 실행 단계별 시각화\n- 변수/메모리 상태 변화 추적\n- 함수 호출 흐름 추적\n- 레슨 모드 + 플레이그라운드 모드\n- C / Python / JavaScript / Java 지원\n\n도입 혜택:\n- 맞춤 커리큘럼 제공(과정/난이도/언어 기준)\n\n먼저 아래 사이트에서 확인 부탁드립니다.\nhttps://codeinsight.online\n\n도입 검토 원하시면 회신 부탁드립니다.\n\nCodeInsight\nl89192164@gmail.com","Hi 코드잇 team,\n\nIn the AI era, learners need code interpretation and debugging understanding more than typing speed.\n\nCodeInsight helps learners understand runtime behavior visually, including execution flow and memory changes.\n\nCore features:\n- Step-by-step code execution visualization\n- Variable and memory state tracking\n- Function call flow tracing\n- Lesson mode + Playground mode\n- Support for C / Python / JavaScript / Java\n\nAdoption benefit:\n- Customized curriculum aligned to track, level, and language\n\nPlease try it first:\nhttps://codeinsight.online\n\nIf adoption is relevant for your organization, just reply to this email.\n\nCodeInsight\nl89192164@gmail.com","안녕하세요, 코드잇 담당자님. AI 시대에는 코드 작성 속도보다 해석력/디버깅 이해력이 중요합니다. CodeInsight는 코드 실행 흐름·메모리 변화를 시각화해 학습 이해도를 높입니다. 맞춤 커리큘럼 제공 가능하며, 먼저 https://codeinsight.online 에서 확인 부탁드립니다.",문의 폼에 제목/본문 붙여넣기
엘리스,교육 공급사(B2B),email,contact@elice.io,https://elice.io/ko/contact,공식 문의 페이지,[CodeInsight] AI 시대 코드 해석력 강화를 위한 도입 제안,[CodeInsight] Proposal for strengthening code interpretation skills in the AI era,"안녕하세요, 엘리스 담당자님.\n\nAI가 코딩을 대신해주는 시대일수록 학습자에게 필요한 역량은\n작성 속도보다 코드 해석력과 디버깅 이해력입니다.\n\nCodeInsight는 코드 실행 과정을 단계별로 시각화해\n학습자가 실행 흐름과 메모리 변화를 직관적으로 이해하도록 돕습니다.\n\n핵심 기능:\n- 코드 실행 단계별 시각화\n- 변수/메모리 상태 변화 추적\n- 함수 호출 흐름 추적\n- 레슨 모드 + 플레이그라운드 모드\n- C / Python / JavaScript / Java 지원\n\n도입 혜택:\n- 맞춤 커리큘럼 제공(과정/난이도/언어 기준)\n\n먼저 아래 사이트에서 확인 부탁드립니다.\nhttps://codeinsight.online\n\n도입 검토 원하시면 회신 부탁드립니다.\n\nCodeInsight\nl89192164@gmail.com","Hi 엘리스 team,\n\nIn the AI era, learners need code interpretation and debugging understanding more than typing speed.\n\nCodeInsight helps learners understand runtime behavior visually, including execution flow and memory changes.\n\nCore features:\n- Step-by-step code execution visualization\n- Variable and memory state tracking\n- Function call flow tracing\n- Lesson mode + Playground mode\n- Support for C / Python / JavaScript / Java\n\nAdoption benefit:\n- Customized curriculum aligned to track, level, and language\n\nPlease try it first:\nhttps://codeinsight.online\n\nIf adoption is relevant for your organization, just reply to this email.\n\nCodeInsight\nl89192164@gmail.com","안녕하세요, 엘리스 담당자님. AI 시대에는 코드 작성 속도보다 해석력/디버깅 이해력이 중요합니다. CodeInsight는 코드 실행 흐름·메모리 변화를 시각화해 학습 이해도를 높입니다. 맞춤 커리큘럼 제공 가능하며, 먼저 https://codeinsight.online 에서 확인 부탁드립니다.",이메일 본문 그대로 발송
엘리스,교육 공급사(B2B),phone,1833-2677,https://elice.io/ko/contact,공식 문의 페이지,[CodeInsight] AI 시대 코드 해석력 강화를 위한 도입 제안,[CodeInsight] Proposal for strengthening code interpretation skills in the AI era,"안녕하세요, 엘리스 담당자님.\n\nAI가 코딩을 대신해주는 시대일수록 학습자에게 필요한 역량은\n작성 속도보다 코드 해석력과 디버깅 이해력입니다.\n\nCodeInsight는 코드 실행 과정을 단계별로 시각화해\n학습자가 실행 흐름과 메모리 변화를 직관적으로 이해하도록 돕습니다.\n\n핵심 기능:\n- 코드 실행 단계별 시각화\n- 변수/메모리 상태 변화 추적\n- 함수 호출 흐름 추적\n- 레슨 모드 + 플레이그라운드 모드\n- C / Python / JavaScript / Java 지원\n\n도입 혜택:\n- 맞춤 커리큘럼 제공(과정/난이도/언어 기준)\n\n먼저 아래 사이트에서 확인 부탁드립니다.\nhttps://codeinsight.online\n\n도입 검토 원하시면 회신 부탁드립니다.\n\nCodeInsight\nl89192164@gmail.com","Hi 엘리스 team,\n\nIn the AI era, learners need code interpretation and debugging understanding more than typing speed.\n\nCodeInsight helps learners understand runtime behavior visually, including execution flow and memory changes.\n\nCore features:\n- Step-by-step code execution visualization\n- Variable and memory state tracking\n- Function call flow tracing\n- Lesson mode + Playground mode\n- Support for C / Python / JavaScript / Java\n\nAdoption benefit:\n- Customized curriculum aligned to track, level, and language\n\nPlease try it first:\nhttps://codeinsight.online\n\nIf adoption is relevant for your organization, just reply to this email.\n\nCodeInsight\nl89192164@gmail.com","안녕하세요, 엘리스 담당자님. AI 시대에는 코드 작성 속도보다 해석력/디버깅 이해력이 중요합니다. CodeInsight는 코드 실행 흐름·메모리 변화를 시각화해 학습 이해도를 높입니다. 맞춤 커리큘럼 제공 가능하며, 먼저 https://codeinsight.online 에서 확인 부탁드립니다.",전화 후 담당자 이메일 요청 → 본문 전송
엘리스,교육 공급사(B2B),form,도입 문의하기,https://elice.io/ko/contact,공식 도입문의 폼,[CodeInsight] AI 시대 코드 해석력 강화를 위한 도입 제안,[CodeInsight] Proposal for strengthening code interpretation skills in the AI era,"안녕하세요, 엘리스 담당자님.\n\nAI가 코딩을 대신해주는 시대일수록 학습자에게 필요한 역량은\n작성 속도보다 코드 해석력과 디버깅 이해력입니다.\n\nCodeInsight는 코드 실행 과정을 단계별로 시각화해\n학습자가 실행 흐름과 메모리 변화를 직관적으로 이해하도록 돕습니다.\n\n핵심 기능:\n- 코드 실행 단계별 시각화\n- 변수/메모리 상태 변화 추적\n- 함수 호출 흐름 추적\n- 레슨 모드 + 플레이그라운드 모드\n- C / Python / JavaScript / Java 지원\n\n도입 혜택:\n- 맞춤 커리큘럼 제공(과정/난이도/언어 기준)\n\n먼저 아래 사이트에서 확인 부탁드립니다.\nhttps://codeinsight.online\n\n도입 검토 원하시면 회신 부탁드립니다.\n\nCodeInsight\nl89192164@gmail.com","Hi 엘리스 team,\n\nIn the AI era, learners need code interpretation and debugging understanding more than typing speed.\n\nCodeInsight helps learners understand runtime behavior visually, including execution flow and memory changes.\n\nCore features:\n- Step-by-step code execution visualization\n- Variable and memory state tracking\n- Function call flow tracing\n- Lesson mode + Playground mode\n- Support for C / Python / JavaScript / Java\n\nAdoption benefit:\n- Customized curriculum aligned to track, level, and language\n\nPlease try it first:\nhttps://codeinsight.online\n\nIf adoption is relevant for your organization, just reply to this email.\n\nCodeInsight\nl89192164@gmail.com","안녕하세요, 엘리스 담당자님. AI 시대에는 코드 작성 속도보다 해석력/디버깅 이해력이 중요합니다. CodeInsight는 코드 실행 흐름·메모리 변화를 시각화해 학습 이해도를 높입니다. 맞춤 커리큘럼 제공 가능하며, 먼저 https://codeinsight.online 에서 확인 부탁드립니다.",문의 폼에 제목/본문 붙여넣기
코드스테이츠,교육 공급사(B2B),email,b2b@codestates.com,https://www.codestates.com/,공식 사이트 하단,[CodeInsight] AI 시대 코드 해석력 강화를 위한 도입 제안,[CodeInsight] Proposal for strengthening code interpretation skills in the AI era,"안녕하세요, 코드스테이츠 담당자님.\n\nAI가 코딩을 대신해주는 시대일수록 학습자에게 필요한 역량은\n작성 속도보다 코드 해석력과 디버깅 이해력입니다.\n\nCodeInsight는 코드 실행 과정을 단계별로 시각화해\n학습자가 실행 흐름과 메모리 변화를 직관적으로 이해하도록 돕습니다.\n\n핵심 기능:\n- 코드 실행 단계별 시각화\n- 변수/메모리 상태 변화 추적\n- 함수 호출 흐름 추적\n- 레슨 모드 + 플레이그라운드 모드\n- C / Python / JavaScript / Java 지원\n\n도입 혜택:\n- 맞춤 커리큘럼 제공(과정/난이도/언어 기준)\n\n먼저 아래 사이트에서 확인 부탁드립니다.\nhttps://codeinsight.online\n\n도입 검토 원하시면 회신 부탁드립니다.\n\nCodeInsight\nl89192164@gmail.com","Hi 코드스테이츠 team,\n\nIn the AI era, learners need code interpretation and debugging understanding more than typing speed.\n\nCodeInsight helps learners understand runtime behavior visually, including execution flow and memory changes.\n\nCore features:\n- Step-by-step code execution visualization\n- Variable and memory state tracking\n- Function call flow tracing\n- Lesson mode + Playground mode\n- Support for C / Python / JavaScript / Java\n\nAdoption benefit:\n- Customized curriculum aligned to track, level, and language\n\nPlease try it first:\nhttps://codeinsight.online\n\nIf adoption is relevant for your organization, just reply to this email.\n\nCodeInsight\nl89192164@gmail.com","안녕하세요, 코드스테이츠 담당자님. AI 시대에는 코드 작성 속도보다 해석력/디버깅 이해력이 중요합니다. CodeInsight는 코드 실행 흐름·메모리 변화를 시각화해 학습 이해도를 높입니다. 맞춤 커리큘럼 제공 가능하며, 먼저 https://codeinsight.online 에서 확인 부탁드립니다.",이메일 본문 그대로 발송
코드스테이츠,교육 공급사(B2B),email,communication@codestates.com,https://www.codestates.com/,공식 사이트 하단(기타 문의),[CodeInsight] AI 시대 코드 해석력 강화를 위한 도입 제안,[CodeInsight] Proposal for strengthening code interpretation skills in the AI era,"안녕하세요, 코드스테이츠 담당자님.\n\nAI가 코딩을 대신해주는 시대일수록 학습자에게 필요한 역량은\n작성 속도보다 코드 해석력과 디버깅 이해력입니다.\n\nCodeInsight는 코드 실행 과정을 단계별로 시각화해\n학습자가 실행 흐름과 메모리 변화를 직관적으로 이해하도록 돕습니다.\n\n핵심 기능:\n- 코드 실행 단계별 시각화\n- 변수/메모리 상태 변화 추적\n- 함수 호출 흐름 추적\n- 레슨 모드 + 플레이그라운드 모드\n- C / Python / JavaScript / Java 지원\n\n도입 혜택:\n- 맞춤 커리큘럼 제공(과정/난이도/언어 기준)\n\n먼저 아래 사이트에서 확인 부탁드립니다.\nhttps://codeinsight.online\n\n도입 검토 원하시면 회신 부탁드립니다.\n\nCodeInsight\nl89192164@gmail.com","Hi 코드스테이츠 team,\n\nIn the AI era, learners need code interpretation and debugging understanding more than typing speed.\n\nCodeInsight helps learners understand runtime behavior visually, including execution flow and memory changes.\n\nCore features:\n- Step-by-step code execution visualization\n- Variable and memory state tracking\n- Function call flow tracing\n- Lesson mode + Playground mode\n- Support for C / Python / JavaScript / Java\n\nAdoption benefit:\n- Customized curriculum aligned to track, level, and language\n\nPlease try it first:\nhttps://codeinsight.online\n\nIf adoption is relevant for your organization, just reply to this email.\n\nCodeInsight\nl89192164@gmail.com","안녕하세요, 코드스테이츠 담당자님. AI 시대에는 코드 작성 속도보다 해석력/디버깅 이해력이 중요합니다. CodeInsight는 코드 실행 흐름·메모리 변화를 시각화해 학습 이해도를 높입니다. 맞춤 커리큘럼 제공 가능하며, 먼저 https://codeinsight.online 에서 확인 부탁드립니다.",이메일 본문 그대로 발송
패스트캠퍼스(데이원컴퍼니),교육 공급사(B2B),email,b2b@day1company.co.kr,https://b2b.fastcampus.co.kr/contact,공식 B2B 문의 페이지,[CodeInsight] AI 시대 코드 해석력 강화를 위한 도입 제안,[CodeInsight] Proposal for strengthening code interpretation skills in the AI era,"안녕하세요, 패스트캠퍼스(데이원컴퍼니) 담당자님.\n\nAI가 코딩을 대신해주는 시대일수록 학습자에게 필요한 역량은\n작성 속도보다 코드 해석력과 디버깅 이해력입니다.\n\nCodeInsight는 코드 실행 과정을 단계별로 시각화해\n학습자가 실행 흐름과 메모리 변화를 직관적으로 이해하도록 돕습니다.\n\n핵심 기능:\n- 코드 실행 단계별 시각화\n- 변수/메모리 상태 변화 추적\n- 함수 호출 흐름 추적\n- 레슨 모드 + 플레이그라운드 모드\n- C / Python / JavaScript / Java 지원\n\n도입 혜택:\n- 맞춤 커리큘럼 제공(과정/난이도/언어 기준)\n\n먼저 아래 사이트에서 확인 부탁드립니다.\nhttps://codeinsight.online\n\n도입 검토 원하시면 회신 부탁드립니다.\n\nCodeInsight\nl89192164@gmail.com","Hi 패스트캠퍼스(데이원컴퍼니) team,\n\nIn the AI era, learners need code interpretation and debugging understanding more than typing speed.\n\nCodeInsight helps learners understand runtime behavior visually, including execution flow and memory changes.\n\nCore features:\n- Step-by-step code execution visualization\n- Variable and memory state tracking\n- Function call flow tracing\n- Lesson mode + Playground mode\n- Support for C / Python / JavaScript / Java\n\nAdoption benefit:\n- Customized curriculum aligned to track, level, and language\n\nPlease try it first:\nhttps://codeinsight.online\n\nIf adoption is relevant for your organization, just reply to this email.\n\nCodeInsight\nl89192164@gmail.com","안녕하세요, 패스트캠퍼스(데이원컴퍼니) 담당자님. AI 시대에는 코드 작성 속도보다 해석력/디버깅 이해력이 중요합니다. CodeInsight는 코드 실행 흐름·메모리 변화를 시각화해 학습 이해도를 높입니다. 맞춤 커리큘럼 제공 가능하며, 먼저 https://codeinsight.online 에서 확인 부탁드립니다.",이메일 본문 그대로 발송
패스트캠퍼스(데이원컴퍼니),교육 공급사(B2B),phone,02-501-7429,https://b2b.fastcampus.co.kr/contact,공식 B2B 문의 페이지,[CodeInsight] AI 시대 코드 해석력 강화를 위한 도입 제안,[CodeInsight] Proposal for strengthening code interpretation skills in the AI era,"안녕하세요, 패스트캠퍼스(데이원컴퍼니) 담당자님.\n\nAI가 코딩을 대신해주는 시대일수록 학습자에게 필요한 역량은\n작성 속도보다 코드 해석력과 디버깅 이해력입니다.\n\nCodeInsight는 코드 실행 과정을 단계별로 시각화해\n학습자가 실행 흐름과 메모리 변화를 직관적으로 이해하도록 돕습니다.\n\n핵심 기능:\n- 코드 실행 단계별 시각화\n- 변수/메모리 상태 변화 추적\n- 함수 호출 흐름 추적\n- 레슨 모드 + 플레이그라운드 모드\n- C / Python / JavaScript / Java 지원\n\n도입 혜택:\n- 맞춤 커리큘럼 제공(과정/난이도/언어 기준)\n\n먼저 아래 사이트에서 확인 부탁드립니다.\nhttps://codeinsight.online\n\n도입 검토 원하시면 회신 부탁드립니다.\n\nCodeInsight\nl89192164@gmail.com","Hi 패스트캠퍼스(데이원컴퍼니) team,\n\nIn the AI era, learners need code interpretation and debugging understanding more than typing speed.\n\nCodeInsight helps learners understand runtime behavior visually, including execution flow and memory changes.\n\nCore features:\n- Step-by-step code execution visualization\n- Variable and memory state tracking\n- Function call flow tracing\n- Lesson mode + Playground mode\n- Support for C / Python / JavaScript / Java\n\nAdoption benefit:\n- Customized curriculum aligned to track, level, and language\n\nPlease try it first:\nhttps://codeinsight.online\n\nIf adoption is relevant for your organization, just reply to this email.\n\nCodeInsight\nl89192164@gmail.com","안녕하세요, 패스트캠퍼스(데이원컴퍼니) 담당자님. AI 시대에는 코드 작성 속도보다 해석력/디버깅 이해력이 중요합니다. CodeInsight는 코드 실행 흐름·메모리 변화를 시각화해 학습 이해도를 높입니다. 맞춤 커리큘럼 제공 가능하며, 먼저 https://codeinsight.online 에서 확인 부탁드립니다.",전화 후 담당자 이메일 요청 → 본문 전송
패스트캠퍼스(데이원컴퍼니),교육 공급사(B2B),email,help@fastcampus.co.kr,https://fastcampus.co.kr/b2b_contact,고객센터 메일,[CodeInsight] AI 시대 코드 해석력 강화를 위한 도입 제안,[CodeInsight] Proposal for strengthening code interpretation skills in the AI era,"안녕하세요, 패스트캠퍼스(데이원컴퍼니) 담당자님.\n\nAI가 코딩을 대신해주는 시대일수록 학습자에게 필요한 역량은\n작성 속도보다 코드 해석력과 디버깅 이해력입니다.\n\nCodeInsight는 코드 실행 과정을 단계별로 시각화해\n학습자가 실행 흐름과 메모리 변화를 직관적으로 이해하도록 돕습니다.\n\n핵심 기능:\n- 코드 실행 단계별 시각화\n- 변수/메모리 상태 변화 추적\n- 함수 호출 흐름 추적\n- 레슨 모드 + 플레이그라운드 모드\n- C / Python / JavaScript / Java 지원\n\n도입 혜택:\n- 맞춤 커리큘럼 제공(과정/난이도/언어 기준)\n\n먼저 아래 사이트에서 확인 부탁드립니다.\nhttps://codeinsight.online\n\n도입 검토 원하시면 회신 부탁드립니다.\n\nCodeInsight\nl89192164@gmail.com","Hi 패스트캠퍼스(데이원컴퍼니) team,\n\nIn the AI era, learners need code interpretation and debugging understanding more than typing speed.\n\nCodeInsight helps learners understand runtime behavior visually, including execution flow and memory changes.\n\nCore features:\n- Step-by-step code execution visualization\n- Variable and memory state tracking\n- Function call flow tracing\n- Lesson mode + Playground mode\n- Support for C / Python / JavaScript / Java\n\nAdoption benefit:\n- Customized curriculum aligned to track, level, and language\n\nPlease try it first:\nhttps://codeinsight.online\n\nIf adoption is relevant for your organization, just reply to this email.\n\nCodeInsight\nl89192164@gmail.com","안녕하세요, 패스트캠퍼스(데이원컴퍼니) 담당자님. AI 시대에는 코드 작성 속도보다 해석력/디버깅 이해력이 중요합니다. CodeInsight는 코드 실행 흐름·메모리 변화를 시각화해 학습 이해도를 높입니다. 맞춤 커리큘럼 제공 가능하며, 먼저 https://codeinsight.online 에서 확인 부탁드립니다.",이메일 본문 그대로 발송
패스트캠퍼스(데이원컴퍼니),교육 공급사(B2B),phone,02-501-9396,https://fastcampus.co.kr/b2b_contact,고객센터 번호,[CodeInsight] AI 시대 코드 해석력 강화를 위한 도입 제안,[CodeInsight] Proposal for strengthening code interpretation skills in the AI era,"안녕하세요, 패스트캠퍼스(데이원컴퍼니) 담당자님.\n\nAI가 코딩을 대신해주는 시대일수록 학습자에게 필요한 역량은\n작성 속도보다 코드 해석력과 디버깅 이해력입니다.\n\nCodeInsight는 코드 실행 과정을 단계별로 시각화해\n학습자가 실행 흐름과 메모리 변화를 직관적으로 이해하도록 돕습니다.\n\n핵심 기능:\n- 코드 실행 단계별 시각화\n- 변수/메모리 상태 변화 추적\n- 함수 호출 흐름 추적\n- 레슨 모드 + 플레이그라운드 모드\n- C / Python / JavaScript / Java 지원\n\n도입 혜택:\n- 맞춤 커리큘럼 제공(과정/난이도/언어 기준)\n\n먼저 아래 사이트에서 확인 부탁드립니다.\nhttps://codeinsight.online\n\n도입 검토 원하시면 회신 부탁드립니다.\n\nCodeInsight\nl89192164@gmail.com","Hi 패스트캠퍼스(데이원컴퍼니) team,\n\nIn the AI era, learners need code interpretation and debugging understanding more than typing speed.\n\nCodeInsight helps learners understand runtime behavior visually, including execution flow and memory changes.\n\nCore features:\n- Step-by-step code execution visualization\n- Variable and memory state tracking\n- Function call flow tracing\n- Lesson mode + Playground mode\n- Support for C / Python / JavaScript / Java\n\nAdoption benefit:\n- Customized curriculum aligned to track, level, and language\n\nPlease try it first:\nhttps://codeinsight.online\n\nIf adoption is relevant for your organization, just reply to this email.\n\nCodeInsight\nl89192164@gmail.com","안녕하세요, 패스트캠퍼스(데이원컴퍼니) 담당자님. AI 시대에는 코드 작성 속도보다 해석력/디버깅 이해력이 중요합니다. CodeInsight는 코드 실행 흐름·메모리 변화를 시각화해 학습 이해도를 높입니다. 맞춤 커리큘럼 제공 가능하며, 먼저 https://codeinsight.online 에서 확인 부탁드립니다.",전화 후 담당자 이메일 요청 → 본문 전송
프로그래머스(그렙),교육 공급사(B2B),phone,1533-1886,https://school.programmers.co.kr/competitions,공식 서비스 하단 고객센터,[CodeInsight] AI 시대 코드 해석력 강화를 위한 도입 제안,[CodeInsight] Proposal for strengthening code interpretation skills in the AI era,"안녕하세요, 프로그래머스(그렙) 담당자님.\n\nAI가 코딩을 대신해주는 시대일수록 학습자에게 필요한 역량은\n작성 속도보다 코드 해석력과 디버깅 이해력입니다.\n\nCodeInsight는 코드 실행 과정을 단계별로 시각화해\n학습자가 실행 흐름과 메모리 변화를 직관적으로 이해하도록 돕습니다.\n\n핵심 기능:\n- 코드 실행 단계별 시각화\n- 변수/메모리 상태 변화 추적\n- 함수 호출 흐름 추적\n- 레슨 모드 + 플레이그라운드 모드\n- C / Python / JavaScript / Java 지원\n\n도입 혜택:\n- 맞춤 커리큘럼 제공(과정/난이도/언어 기준)\n\n먼저 아래 사이트에서 확인 부탁드립니다.\nhttps://codeinsight.online\n\n도입 검토 원하시면 회신 부탁드립니다.\n\nCodeInsight\nl89192164@gmail.com","Hi 프로그래머스(그렙) team,\n\nIn the AI era, learners need code interpretation and debugging understanding more than typing speed.\n\nCodeInsight helps learners understand runtime behavior visually, including execution flow and memory changes.\n\nCore features:\n- Step-by-step code execution visualization\n- Variable and memory state tracking\n- Function call flow tracing\n- Lesson mode + Playground mode\n- Support for C / Python / JavaScript / Java\n\nAdoption benefit:\n- Customized curriculum aligned to track, level, and language\n\nPlease try it first:\nhttps://codeinsight.online\n\nIf adoption is relevant for your organization, just reply to this email.\n\nCodeInsight\nl89192164@gmail.com","안녕하세요, 프로그래머스(그렙) 담당자님. AI 시대에는 코드 작성 속도보다 해석력/디버깅 이해력이 중요합니다. CodeInsight는 코드 실행 흐름·메모리 변화를 시각화해 학습 이해도를 높입니다. 맞춤 커리큘럼 제공 가능하며, 먼저 https://codeinsight.online 에서 확인 부탁드립니다.",전화 후 담당자 이메일 요청 → 본문 전송
프로그래머스(그렙),교육 공급사(B2B),form,기업용 프로그래머스 문의/도입문의,https://business.programmers.co.kr/pricing,비즈니스 페이지 내 도입문의,[CodeInsight] AI 시대 코드 해석력 강화를 위한 도입 제안,[CodeInsight] Proposal for strengthening code interpretation skills in the AI era,"안녕하세요, 프로그래머스(그렙) 담당자님.\n\nAI가 코딩을 대신해주는 시대일수록 학습자에게 필요한 역량은\n작성 속도보다 코드 해석력과 디버깅 이해력입니다.\n\nCodeInsight는 코드 실행 과정을 단계별로 시각화해\n학습자가 실행 흐름과 메모리 변화를 직관적으로 이해하도록 돕습니다.\n\n핵심 기능:\n- 코드 실행 단계별 시각화\n- 변수/메모리 상태 변화 추적\n- 함수 호출 흐름 추적\n- 레슨 모드 + 플레이그라운드 모드\n- C / Python / JavaScript / Java 지원\n\n도입 혜택:\n- 맞춤 커리큘럼 제공(과정/난이도/언어 기준)\n\n먼저 아래 사이트에서 확인 부탁드립니다.\nhttps://codeinsight.online\n\n도입 검토 원하시면 회신 부탁드립니다.\n\nCodeInsight\nl89192164@gmail.com","Hi 프로그래머스(그렙) team,\n\nIn the AI era, learners need code interpretation and debugging understanding more than typing speed.\n\nCodeInsight helps learners understand runtime behavior visually, including execution flow and memory changes.\n\nCore features:\n- Step-by-step code execution visualization\n- Variable and memory state tracking\n- Function call flow tracing\n- Lesson mode + Playground mode\n- Support for C / Python / JavaScript / Java\n\nAdoption benefit:\n- Customized curriculum aligned to track, level, and language\n\nPlease try it first:\nhttps://codeinsight.online\n\nIf adoption is relevant for your organization, just reply to this email.\n\nCodeInsight\nl89192164@gmail.com","안녕하세요, 프로그래머스(그렙) 담당자님. AI 시대에는 코드 작성 속도보다 해석력/디버깅 이해력이 중요합니다. CodeInsight는 코드 실행 흐름·메모리 변화를 시각화해 학습 이해도를 높입니다. 맞춤 커리큘럼 제공 가능하며, 먼저 https://codeinsight.online 에서 확인 부탁드립니다.",문의 폼에 제목/본문 붙여넣기
멀티캠퍼스,교육 공급사(B2B),phone,1666-0509,https://phone6.multicampus.com/m3/customer_notice.html,고객센터,[CodeInsight] AI 시대 코드 해석력 강화를 위한 도입 제안,[CodeInsight] Proposal for strengthening code interpretation skills in the AI era,"안녕하세요, 멀티캠퍼스 담당자님.\n\nAI가 코딩을 대신해주는 시대일수록 학습자에게 필요한 역량은\n작성 속도보다 코드 해석력과 디버깅 이해력입니다.\n\nCodeInsight는 코드 실행 과정을 단계별로 시각화해\n학습자가 실행 흐름과 메모리 변화를 직관적으로 이해하도록 돕습니다.\n\n핵심 기능:\n- 코드 실행 단계별 시각화\n- 변수/메모리 상태 변화 추적\n- 함수 호출 흐름 추적\n- 레슨 모드 + 플레이그라운드 모드\n- C / Python / JavaScript / Java 지원\n\n도입 혜택:\n- 맞춤 커리큘럼 제공(과정/난이도/언어 기준)\n\n먼저 아래 사이트에서 확인 부탁드립니다.\nhttps://codeinsight.online\n\n도입 검토 원하시면 회신 부탁드립니다.\n\nCodeInsight\nl89192164@gmail.com","Hi 멀티캠퍼스 team,\n\nIn the AI era, learners need code interpretation and debugging understanding more than typing speed.\n\nCodeInsight helps learners understand runtime behavior visually, including execution flow and memory changes.\n\nCore features:\n- Step-by-step code execution visualization\n- Variable and memory state tracking\n- Function call flow tracing\n- Lesson mode + Playground mode\n- Support for C / Python / JavaScript / Java\n\nAdoption benefit:\n- Customized curriculum aligned to track, level, and language\n\nPlease try it first:\nhttps://codeinsight.online\n\nIf adoption is relevant for your organization, just reply to this email.\n\nCodeInsight\nl89192164@gmail.com","안녕하세요, 멀티캠퍼스 담당자님. AI 시대에는 코드 작성 속도보다 해석력/디버깅 이해력이 중요합니다. CodeInsight는 코드 실행 흐름·메모리 변화를 시각화해 학습 이해도를 높입니다. 맞춤 커리큘럼 제공 가능하며, 먼저 https://codeinsight.online 에서 확인 부탁드립니다.",전화 후 담당자 이메일 요청 → 본문 전송
멀티캠퍼스,교육 공급사(B2B),form,문의하기/채용문의,https://careers.multicampus.com/ko/o/162658/apply,공식 채용 페이지 내 문의 안내,[CodeInsight] AI 시대 코드 해석력 강화를 위한 도입 제안,[CodeInsight] Proposal for strengthening code interpretation skills in the AI era,"안녕하세요, 멀티캠퍼스 담당자님.\n\nAI가 코딩을 대신해주는 시대일수록 학습자에게 필요한 역량은\n작성 속도보다 코드 해석력과 디버깅 이해력입니다.\n\nCodeInsight는 코드 실행 과정을 단계별로 시각화해\n학습자가 실행 흐름과 메모리 변화를 직관적으로 이해하도록 돕습니다.\n\n핵심 기능:\n- 코드 실행 단계별 시각화\n- 변수/메모리 상태 변화 추적\n- 함수 호출 흐름 추적\n- 레슨 모드 + 플레이그라운드 모드\n- C / Python / JavaScript / Java 지원\n\n도입 혜택:\n- 맞춤 커리큘럼 제공(과정/난이도/언어 기준)\n\n먼저 아래 사이트에서 확인 부탁드립니다.\nhttps://codeinsight.online\n\n도입 검토 원하시면 회신 부탁드립니다.\n\nCodeInsight\nl89192164@gmail.com","Hi 멀티캠퍼스 team,\n\nIn the AI era, learners need code interpretation and debugging understanding more than typing speed.\n\nCodeInsight helps learners understand runtime behavior visually, including execution flow and memory changes.\n\nCore features:\n- Step-by-step code execution visualization\n- Variable and memory state tracking\n- Function call flow tracing\n- Lesson mode + Playground mode\n- Support for C / Python / JavaScript / Java\n\nAdoption benefit:\n- Customized curriculum aligned to track, level, and language\n\nPlease try it first:\nhttps://codeinsight.online\n\nIf adoption is relevant for your organization, just reply to this email.\n\nCodeInsight\nl89192164@gmail.com","안녕하세요, 멀티캠퍼스 담당자님. AI 시대에는 코드 작성 속도보다 해석력/디버깅 이해력이 중요합니다. CodeInsight는 코드 실행 흐름·메모리 변화를 시각화해 학습 이해도를 높입니다. 맞춤 커리큘럼 제공 가능하며, 먼저 https://codeinsight.online 에서 확인 부탁드립니다.",문의 폼에 제목/본문 붙여넣기
휴넷,교육 공급사(B2B),phone,1588-6559,https://hunet.co.kr/,공식 사이트 고객행복센터,[CodeInsight] AI 시대 코드 해석력 강화를 위한 도입 제안,[CodeInsight] Proposal for strengthening code interpretation skills in the AI era,"안녕하세요, 휴넷 담당자님.\n\nAI가 코딩을 대신해주는 시대일수록 학습자에게 필요한 역량은\n작성 속도보다 코드 해석력과 디버깅 이해력입니다.\n\nCodeInsight는 코드 실행 과정을 단계별로 시각화해\n학습자가 실행 흐름과 메모리 변화를 직관적으로 이해하도록 돕습니다.\n\n핵심 기능:\n- 코드 실행 단계별 시각화\n- 변수/메모리 상태 변화 추적\n- 함수 호출 흐름 추적\n- 레슨 모드 + 플레이그라운드 모드\n- C / Python / JavaScript / Java 지원\n\n도입 혜택:\n- 맞춤 커리큘럼 제공(과정/난이도/언어 기준)\n\n먼저 아래 사이트에서 확인 부탁드립니다.\nhttps://codeinsight.online\n\n도입 검토 원하시면 회신 부탁드립니다.\n\nCodeInsight\nl89192164@gmail.com","Hi 휴넷 team,\n\nIn the AI era, learners need code interpretation and debugging understanding more than typing speed.\n\nCodeInsight helps learners understand runtime behavior visually, including execution flow and memory changes.\n\nCore features:\n- Step-by-step code execution visualization\n- Variable and memory state tracking\n- Function call flow tracing\n- Lesson mode + Playground mode\n- Support for C / Python / JavaScript / Java\n\nAdoption benefit:\n- Customized curriculum aligned to track, level, and language\n\nPlease try it first:\nhttps://codeinsight.online\n\nIf adoption is relevant for your organization, just reply to this email.\n\nCodeInsight\nl89192164@gmail.com","안녕하세요, 휴넷 담당자님. AI 시대에는 코드 작성 속도보다 해석력/디버깅 이해력이 중요합니다. CodeInsight는 코드 실행 흐름·메모리 변화를 시각화해 학습 이해도를 높입니다. 맞춤 커리큘럼 제공 가능하며, 먼저 https://codeinsight.online 에서 확인 부탁드립니다.",전화 후 담당자 이메일 요청 → 본문 전송
휴넷,교육 공급사(B2B),form,기업교육 통합 문의하기,https://hrd.hunet.co.kr/Contents/hrdarchive,공식 기업교육 페이지,[CodeInsight] AI 시대 코드 해석력 강화를 위한 도입 제안,[CodeInsight] Proposal for strengthening code interpretation skills in the AI era,"안녕하세요, 휴넷 담당자님.\n\nAI가 코딩을 대신해주는 시대일수록 학습자에게 필요한 역량은\n작성 속도보다 코드 해석력과 디버깅 이해력입니다.\n\nCodeInsight는 코드 실행 과정을 단계별로 시각화해\n학습자가 실행 흐름과 메모리 변화를 직관적으로 이해하도록 돕습니다.\n\n핵심 기능:\n- 코드 실행 단계별 시각화\n- 변수/메모리 상태 변화 추적\n- 함수 호출 흐름 추적\n- 레슨 모드 + 플레이그라운드 모드\n- C / Python / JavaScript / Java 지원\n\n도입 혜택:\n- 맞춤 커리큘럼 제공(과정/난이도/언어 기준)\n\n먼저 아래 사이트에서 확인 부탁드립니다.\nhttps://codeinsight.online\n\n도입 검토 원하시면 회신 부탁드립니다.\n\nCodeInsight\nl89192164@gmail.com","Hi 휴넷 team,\n\nIn the AI era, learners need code interpretation and debugging understanding more than typing speed.\n\nCodeInsight helps learners understand runtime behavior visually, including execution flow and memory changes.\n\nCore features:\n- Step-by-step code execution visualization\n- Variable and memory state tracking\n- Function call flow tracing\n- Lesson mode + Playground mode\n- Support for C / Python / JavaScript / Java\n\nAdoption benefit:\n- Customized curriculum aligned to track, level, and language\n\nPlease try it first:\nhttps://codeinsight.online\n\nIf adoption is relevant for your organization, just reply to this email.\n\nCodeInsight\nl89192164@gmail.com","안녕하세요, 휴넷 담당자님. AI 시대에는 코드 작성 속도보다 해석력/디버깅 이해력이 중요합니다. CodeInsight는 코드 실행 흐름·메모리 변화를 시각화해 학습 이해도를 높입니다. 맞춤 커리큘럼 제공 가능하며, 먼저 https://codeinsight.online 에서 확인 부탁드립니다.",문의 폼에 제목/본문 붙여넣기
유밥(ubob),교육 공급사(B2B),email,ubob@ubob.com,https://ubob.com/service/education,공식 사이트 하단,[CodeInsight] AI 시대 코드 해석력 강화를 위한 도입 제안,[CodeInsight] Proposal for strengthening code interpretation skills in the AI era,"안녕하세요, 유밥(ubob) 담당자님.\n\nAI가 코딩을 대신해주는 시대일수록 학습자에게 필요한 역량은\n작성 속도보다 코드 해석력과 디버깅 이해력입니다.\n\nCodeInsight는 코드 실행 과정을 단계별로 시각화해\n학습자가 실행 흐름과 메모리 변화를 직관적으로 이해하도록 돕습니다.\n\n핵심 기능:\n- 코드 실행 단계별 시각화\n- 변수/메모리 상태 변화 추적\n- 함수 호출 흐름 추적\n- 레슨 모드 + 플레이그라운드 모드\n- C / Python / JavaScript / Java 지원\n\n도입 혜택:\n- 맞춤 커리큘럼 제공(과정/난이도/언어 기준)\n\n먼저 아래 사이트에서 확인 부탁드립니다.\nhttps://codeinsight.online\n\n도입 검토 원하시면 회신 부탁드립니다.\n\nCodeInsight\nl89192164@gmail.com","Hi 유밥(ubob) team,\n\nIn the AI era, learners need code interpretation and debugging understanding more than typing speed.\n\nCodeInsight helps learners understand runtime behavior visually, including execution flow and memory changes.\n\nCore features:\n- Step-by-step code execution visualization\n- Variable and memory state tracking\n- Function call flow tracing\n- Lesson mode + Playground mode\n- Support for C / Python / JavaScript / Java\n\nAdoption benefit:\n- Customized curriculum aligned to track, level, and language\n\nPlease try it first:\nhttps://codeinsight.online\n\nIf adoption is relevant for your organization, just reply to this email.\n\nCodeInsight\nl89192164@gmail.com","안녕하세요, 유밥(ubob) 담당자님. AI 시대에는 코드 작성 속도보다 해석력/디버깅 이해력이 중요합니다. CodeInsight는 코드 실행 흐름·메모리 변화를 시각화해 학습 이해도를 높입니다. 맞춤 커리큘럼 제공 가능하며, 먼저 https://codeinsight.online 에서 확인 부탁드립니다.",이메일 본문 그대로 발송
유밥(ubob),교육 공급사(B2B),phone,1566-3180,https://ubob.com/service/education,공식 사이트 하단,[CodeInsight] AI 시대 코드 해석력 강화를 위한 도입 제안,[CodeInsight] Proposal for strengthening code interpretation skills in the AI era,"안녕하세요, 유밥(ubob) 담당자님.\n\nAI가 코딩을 대신해주는 시대일수록 학습자에게 필요한 역량은\n작성 속도보다 코드 해석력과 디버깅 이해력입니다.\n\nCodeInsight는 코드 실행 과정을 단계별로 시각화해\n학습자가 실행 흐름과 메모리 변화를 직관적으로 이해하도록 돕습니다.\n\n핵심 기능:\n- 코드 실행 단계별 시각화\n- 변수/메모리 상태 변화 추적\n- 함수 호출 흐름 추적\n- 레슨 모드 + 플레이그라운드 모드\n- C / Python / JavaScript / Java 지원\n\n도입 혜택:\n- 맞춤 커리큘럼 제공(과정/난이도/언어 기준)\n\n먼저 아래 사이트에서 확인 부탁드립니다.\nhttps://codeinsight.online\n\n도입 검토 원하시면 회신 부탁드립니다.\n\nCodeInsight\nl89192164@gmail.com","Hi 유밥(ubob) team,\n\nIn the AI era, learners need code interpretation and debugging understanding more than typing speed.\n\nCodeInsight helps learners understand runtime behavior visually, including execution flow and memory changes.\n\nCore features:\n- Step-by-step code execution visualization\n- Variable and memory state tracking\n- Function call flow tracing\n- Lesson mode + Playground mode\n- Support for C / Python / JavaScript / Java\n\nAdoption benefit:\n- Customized curriculum aligned to track, level, and language\n\nPlease try it first:\nhttps://codeinsight.online\n\nIf adoption is relevant for your organization, just reply to this email.\n\nCodeInsight\nl89192164@gmail.com","안녕하세요, 유밥(ubob) 담당자님. AI 시대에는 코드 작성 속도보다 해석력/디버깅 이해력이 중요합니다. CodeInsight는 코드 실행 흐름·메모리 변화를 시각화해 학습 이해도를 높입니다. 맞춤 커리큘럼 제공 가능하며, 먼저 https://codeinsight.online 에서 확인 부탁드립니다.",전화 후 담당자 이메일 요청 → 본문 전송
유밥(ubob),교육 공급사(B2B),form,기업교육 문의하기,https://ubob.com/service,공식 문의 폼,[CodeInsight] AI 시대 코드 해석력 강화를 위한 도입 제안,[CodeInsight] Proposal for strengthening code interpretation skills in the AI era,"안녕하세요, 유밥(ubob) 담당자님.\n\nAI가 코딩을 대신해주는 시대일수록 학습자에게 필요한 역량은\n작성 속도보다 코드 해석력과 디버깅 이해력입니다.\n\nCodeInsight는 코드 실행 과정을 단계별로 시각화해\n학습자가 실행 흐름과 메모리 변화를 직관적으로 이해하도록 돕습니다.\n\n핵심 기능:\n- 코드 실행 단계별 시각화\n- 변수/메모리 상태 변화 추적\n- 함수 호출 흐름 추적\n- 레슨 모드 + 플레이그라운드 모드\n- C / Python / JavaScript / Java 지원\n\n도입 혜택:\n- 맞춤 커리큘럼 제공(과정/난이도/언어 기준)\n\n먼저 아래 사이트에서 확인 부탁드립니다.\nhttps://codeinsight.online\n\n도입 검토 원하시면 회신 부탁드립니다.\n\nCodeInsight\nl89192164@gmail.com","Hi 유밥(ubob) team,\n\nIn the AI era, learners need code interpretation and debugging understanding more than typing speed.\n\nCodeInsight helps learners understand runtime behavior visually, including execution flow and memory changes.\n\nCore features:\n- Step-by-step code execution visualization\n- Variable and memory state tracking\n- Function call flow tracing\n- Lesson mode + Playground mode\n- Support for C / Python / JavaScript / Java\n\nAdoption benefit:\n- Customized curriculum aligned to track, level, and language\n\nPlease try it first:\nhttps://codeinsight.online\n\nIf adoption is relevant for your organization, just reply to this email.\n\nCodeInsight\nl89192164@gmail.com","안녕하세요, 유밥(ubob) 담당자님. AI 시대에는 코드 작성 속도보다 해석력/디버깅 이해력이 중요합니다. CodeInsight는 코드 실행 흐름·메모리 변화를 시각화해 학습 이해도를 높입니다. 맞춤 커리큘럼 제공 가능하며, 먼저 https://codeinsight.online 에서 확인 부탁드립니다.",문의 폼에 제목/본문 붙여넣기
미래솔,교육 공급사(B2B),email,edu@miraesol.kr,https://www.miraesol.kr/dxsolution,공식 사이트 하단,[CodeInsight] AI 시대 코드 해석력 강화를 위한 도입 제안,[CodeInsight] Proposal for strengthening code interpretation skills in the AI era,"안녕하세요, 미래솔 담당자님.\n\nAI가 코딩을 대신해주는 시대일수록 학습자에게 필요한 역량은\n작성 속도보다 코드 해석력과 디버깅 이해력입니다.\n\nCodeInsight는 코드 실행 과정을 단계별로 시각화해\n학습자가 실행 흐름과 메모리 변화를 직관적으로 이해하도록 돕습니다.\n\n핵심 기능:\n- 코드 실행 단계별 시각화\n- 변수/메모리 상태 변화 추적\n- 함수 호출 흐름 추적\n- 레슨 모드 + 플레이그라운드 모드\n- C / Python / JavaScript / Java 지원\n\n도입 혜택:\n- 맞춤 커리큘럼 제공(과정/난이도/언어 기준)\n\n먼저 아래 사이트에서 확인 부탁드립니다.\nhttps://codeinsight.online\n\n도입 검토 원하시면 회신 부탁드립니다.\n\nCodeInsight\nl89192164@gmail.com","Hi 미래솔 team,\n\nIn the AI era, learners need code interpretation and debugging understanding more than typing speed.\n\nCodeInsight helps learners understand runtime behavior visually, including execution flow and memory changes.\n\nCore features:\n- Step-by-step code execution visualization\n- Variable and memory state tracking\n- Function call flow tracing\n- Lesson mode + Playground mode\n- Support for C / Python / JavaScript / Java\n\nAdoption benefit:\n- Customized curriculum aligned to track, level, and language\n\nPlease try it first:\nhttps://codeinsight.online\n\nIf adoption is relevant for your organization, just reply to this email.\n\nCodeInsight\nl89192164@gmail.com","안녕하세요, 미래솔 담당자님. AI 시대에는 코드 작성 속도보다 해석력/디버깅 이해력이 중요합니다. CodeInsight는 코드 실행 흐름·메모리 변화를 시각화해 학습 이해도를 높입니다. 맞춤 커리큘럼 제공 가능하며, 먼저 https://codeinsight.online 에서 확인 부탁드립니다.",이메일 본문 그대로 발송
미래솔,교육 공급사(B2B),phone,02-6952-2350,https://www.miraesol.kr/dxsolution,공식 사이트 하단,[CodeInsight] AI 시대 코드 해석력 강화를 위한 도입 제안,[CodeInsight] Proposal for strengthening code interpretation skills in the AI era,"안녕하세요, 미래솔 담당자님.\n\nAI가 코딩을 대신해주는 시대일수록 학습자에게 필요한 역량은\n작성 속도보다 코드 해석력과 디버깅 이해력입니다.\n\nCodeInsight는 코드 실행 과정을 단계별로 시각화해\n학습자가 실행 흐름과 메모리 변화를 직관적으로 이해하도록 돕습니다.\n\n핵심 기능:\n- 코드 실행 단계별 시각화\n- 변수/메모리 상태 변화 추적\n- 함수 호출 흐름 추적\n- 레슨 모드 + 플레이그라운드 모드\n- C / Python / JavaScript / Java 지원\n\n도입 혜택:\n- 맞춤 커리큘럼 제공(과정/난이도/언어 기준)\n\n먼저 아래 사이트에서 확인 부탁드립니다.\nhttps://codeinsight.online\n\n도입 검토 원하시면 회신 부탁드립니다.\n\nCodeInsight\nl89192164@gmail.com","Hi 미래솔 team,\n\nIn the AI era, learners need code interpretation and debugging understanding more than typing speed.\n\nCodeInsight helps learners understand runtime behavior visually, including execution flow and memory changes.\n\nCore features:\n- Step-by-step code execution visualization\n- Variable and memory state tracking\n- Function call flow tracing\n- Lesson mode + Playground mode\n- Support for C / Python / JavaScript / Java\n\nAdoption benefit:\n- Customized curriculum aligned to track, level, and language\n\nPlease try it first:\nhttps://codeinsight.online\n\nIf adoption is relevant for your organization, just reply to this email.\n\nCodeInsight\nl89192164@gmail.com","안녕하세요, 미래솔 담당자님. AI 시대에는 코드 작성 속도보다 해석력/디버깅 이해력이 중요합니다. CodeInsight는 코드 실행 흐름·메모리 변화를 시각화해 학습 이해도를 높입니다. 맞춤 커리큘럼 제공 가능하며, 먼저 https://codeinsight.online 에서 확인 부탁드립니다.",전화 후 담당자 이메일 요청 → 본문 전송
그린온라인캠프,교육 공급사(B2B),email,js0412@greenart.co.kr,https://hrdit.greenart.co.kr/,공식 사이트 하단,[CodeInsight] AI 시대 코드 해석력 강화를 위한 도입 제안,[CodeInsight] Proposal for strengthening code interpretation skills in the AI era,"안녕하세요, 그린온라인캠프 담당자님.\n\nAI가 코딩을 대신해주는 시대일수록 학습자에게 필요한 역량은\n작성 속도보다 코드 해석력과 디버깅 이해력입니다.\n\nCodeInsight는 코드 실행 과정을 단계별로 시각화해\n학습자가 실행 흐름과 메모리 변화를 직관적으로 이해하도록 돕습니다.\n\n핵심 기능:\n- 코드 실행 단계별 시각화\n- 변수/메모리 상태 변화 추적\n- 함수 호출 흐름 추적\n- 레슨 모드 + 플레이그라운드 모드\n- C / Python / JavaScript / Java 지원\n\n도입 혜택:\n- 맞춤 커리큘럼 제공(과정/난이도/언어 기준)\n\n먼저 아래 사이트에서 확인 부탁드립니다.\nhttps://codeinsight.online\n\n도입 검토 원하시면 회신 부탁드립니다.\n\nCodeInsight\nl89192164@gmail.com","Hi 그린온라인캠프 team,\n\nIn the AI era, learners need code interpretation and debugging understanding more than typing speed.\n\nCodeInsight helps learners understand runtime behavior visually, including execution flow and memory changes.\n\nCore features:\n- Step-by-step code execution visualization\n- Variable and memory state tracking\n- Function call flow tracing\n- Lesson mode + Playground mode\n- Support for C / Python / JavaScript / Java\n\nAdoption benefit:\n- Customized curriculum aligned to track, level, and language\n\nPlease try it first:\nhttps://codeinsight.online\n\nIf adoption is relevant for your organization, just reply to this email.\n\nCodeInsight\nl89192164@gmail.com","안녕하세요, 그린온라인캠프 담당자님. AI 시대에는 코드 작성 속도보다 해석력/디버깅 이해력이 중요합니다. CodeInsight는 코드 실행 흐름·메모리 변화를 시각화해 학습 이해도를 높입니다. 맞춤 커리큘럼 제공 가능하며, 먼저 https://codeinsight.online 에서 확인 부탁드립니다.",이메일 본문 그대로 발송
그린온라인캠프,교육 공급사(B2B),phone,02-592-4080,https://hrdit.greenart.co.kr/,공식 사이트 하단,[CodeInsight] AI 시대 코드 해석력 강화를 위한 도입 제안,[CodeInsight] Proposal for strengthening code interpretation skills in the AI era,"안녕하세요, 그린온라인캠프 담당자님.\n\nAI가 코딩을 대신해주는 시대일수록 학습자에게 필요한 역량은\n작성 속도보다 코드 해석력과 디버깅 이해력입니다.\n\nCodeInsight는 코드 실행 과정을 단계별로 시각화해\n학습자가 실행 흐름과 메모리 변화를 직관적으로 이해하도록 돕습니다.\n\n핵심 기능:\n- 코드 실행 단계별 시각화\n- 변수/메모리 상태 변화 추적\n- 함수 호출 흐름 추적\n- 레슨 모드 + 플레이그라운드 모드\n- C / Python / JavaScript / Java 지원\n\n도입 혜택:\n- 맞춤 커리큘럼 제공(과정/난이도/언어 기준)\n\n먼저 아래 사이트에서 확인 부탁드립니다.\nhttps://codeinsight.online\n\n도입 검토 원하시면 회신 부탁드립니다.\n\nCodeInsight\nl89192164@gmail.com","Hi 그린온라인캠프 team,\n\nIn the AI era, learners need code interpretation and debugging understanding more than typing speed.\n\nCodeInsight helps learners understand runtime behavior visually, including execution flow and memory changes.\n\nCore features:\n- Step-by-step code execution visualization\n- Variable and memory state tracking\n- Function call flow tracing\n- Lesson mode + Playground mode\n- Support for C / Python / JavaScript / Java\n\nAdoption benefit:\n- Customized curriculum aligned to track, level, and language\n\nPlease try it first:\nhttps://codeinsight.online\n\nIf adoption is relevant for your organization, just reply to this email.\n\nCodeInsight\nl89192164@gmail.com","안녕하세요, 그린온라인캠프 담당자님. AI 시대에는 코드 작성 속도보다 해석력/디버깅 이해력이 중요합니다. CodeInsight는 코드 실행 흐름·메모리 변화를 시각화해 학습 이해도를 높입니다. 맞춤 커리큘럼 제공 가능하며, 먼저 https://codeinsight.online 에서 확인 부탁드립니다.",전화 후 담당자 이메일 요청 → 본문 전송
그린온라인캠프,교육 공급사(B2B),email,gitac.online@gmail.com,https://hrdit.greenart.co.kr/main/eduGuide_corp,사업주 지원 문의 메일,[CodeInsight] AI 시대 코드 해석력 강화를 위한 도입 제안,[CodeInsight] Proposal for strengthening code interpretation skills in the AI era,"안녕하세요, 그린온라인캠프 담당자님.\n\nAI가 코딩을 대신해주는 시대일수록 학습자에게 필요한 역량은\n작성 속도보다 코드 해석력과 디버깅 이해력입니다.\n\nCodeInsight는 코드 실행 과정을 단계별로 시각화해\n학습자가 실행 흐름과 메모리 변화를 직관적으로 이해하도록 돕습니다.\n\n핵심 기능:\n- 코드 실행 단계별 시각화\n- 변수/메모리 상태 변화 추적\n- 함수 호출 흐름 추적\n- 레슨 모드 + 플레이그라운드 모드\n- C / Python / JavaScript / Java 지원\n\n도입 혜택:\n- 맞춤 커리큘럼 제공(과정/난이도/언어 기준)\n\n먼저 아래 사이트에서 확인 부탁드립니다.\nhttps://codeinsight.online\n\n도입 검토 원하시면 회신 부탁드립니다.\n\nCodeInsight\nl89192164@gmail.com","Hi 그린온라인캠프 team,\n\nIn the AI era, learners need code interpretation and debugging understanding more than typing speed.\n\nCodeInsight helps learners understand runtime behavior visually, including execution flow and memory changes.\n\nCore features:\n- Step-by-step code execution visualization\n- Variable and memory state tracking\n- Function call flow tracing\n- Lesson mode + Playground mode\n- Support for C / Python / JavaScript / Java\n\nAdoption benefit:\n- Customized curriculum aligned to track, level, and language\n\nPlease try it first:\nhttps://codeinsight.online\n\nIf adoption is relevant for your organization, just reply to this email.\n\nCodeInsight\nl89192164@gmail.com","안녕하세요, 그린온라인캠프 담당자님. AI 시대에는 코드 작성 속도보다 해석력/디버깅 이해력이 중요합니다. CodeInsight는 코드 실행 흐름·메모리 변화를 시각화해 학습 이해도를 높입니다. 맞춤 커리큘럼 제공 가능하며, 먼저 https://codeinsight.online 에서 확인 부탁드립니다.",이메일 본문 그대로 발송
구름(goorm),교육 공급사(B2B),email,contact@goorm.io,https://accounts.goorm.io/goorm-main,공식 사이트,[CodeInsight] AI 시대 코드 해석력 강화를 위한 도입 제안,[CodeInsight] Proposal for strengthening code interpretation skills in the AI era,"안녕하세요, 구름(goorm) 담당자님.\n\nAI가 코딩을 대신해주는 시대일수록 학습자에게 필요한 역량은\n작성 속도보다 코드 해석력과 디버깅 이해력입니다.\n\nCodeInsight는 코드 실행 과정을 단계별로 시각화해\n학습자가 실행 흐름과 메모리 변화를 직관적으로 이해하도록 돕습니다.\n\n핵심 기능:\n- 코드 실행 단계별 시각화\n- 변수/메모리 상태 변화 추적\n- 함수 호출 흐름 추적\n- 레슨 모드 + 플레이그라운드 모드\n- C / Python / JavaScript / Java 지원\n\n도입 혜택:\n- 맞춤 커리큘럼 제공(과정/난이도/언어 기준)\n\n먼저 아래 사이트에서 확인 부탁드립니다.\nhttps://codeinsight.online\n\n도입 검토 원하시면 회신 부탁드립니다.\n\nCodeInsight\nl89192164@gmail.com","Hi 구름(goorm) team,\n\nIn the AI era, learners need code interpretation and debugging understanding more than typing speed.\n\nCodeInsight helps learners understand runtime behavior visually, including execution flow and memory changes.\n\nCore features:\n- Step-by-step code execution visualization\n- Variable and memory state tracking\n- Function call flow tracing\n- Lesson mode + Playground mode\n- Support for C / Python / JavaScript / Java\n\nAdoption benefit:\n- Customized curriculum aligned to track, level, and language\n\nPlease try it first:\nhttps://codeinsight.online\n\nIf adoption is relevant for your organization, just reply to this email.\n\nCodeInsight\nl89192164@gmail.com","안녕하세요, 구름(goorm) 담당자님. AI 시대에는 코드 작성 속도보다 해석력/디버깅 이해력이 중요합니다. CodeInsight는 코드 실행 흐름·메모리 변화를 시각화해 학습 이해도를 높입니다. 맞춤 커리큘럼 제공 가능하며, 먼저 https://codeinsight.online 에서 확인 부탁드립니다.",이메일 본문 그대로 발송
구름(goorm),교육 공급사(B2B),phone,031-600-8586,https://accounts.goorm.io/goorm-main,공식 사이트,[CodeInsight] AI 시대 코드 해석력 강화를 위한 도입 제안,[CodeInsight] Proposal for strengthening code interpretation skills in the AI era,"안녕하세요, 구름(goorm) 담당자님.\n\nAI가 코딩을 대신해주는 시대일수록 학습자에게 필요한 역량은\n작성 속도보다 코드 해석력과 디버깅 이해력입니다.\n\nCodeInsight는 코드 실행 과정을 단계별로 시각화해\n학습자가 실행 흐름과 메모리 변화를 직관적으로 이해하도록 돕습니다.\n\n핵심 기능:\n- 코드 실행 단계별 시각화\n- 변수/메모리 상태 변화 추적\n- 함수 호출 흐름 추적\n- 레슨 모드 + 플레이그라운드 모드\n- C / Python / JavaScript / Java 지원\n\n도입 혜택:\n- 맞춤 커리큘럼 제공(과정/난이도/언어 기준)\n\n먼저 아래 사이트에서 확인 부탁드립니다.\nhttps://codeinsight.online\n\n도입 검토 원하시면 회신 부탁드립니다.\n\nCodeInsight\nl89192164@gmail.com","Hi 구름(goorm) team,\n\nIn the AI era, learners need code interpretation and debugging understanding more than typing speed.\n\nCodeInsight helps learners understand runtime behavior visually, including execution flow and memory changes.\n\nCore features:\n- Step-by-step code execution visualization\n- Variable and memory state tracking\n- Function call flow tracing\n- Lesson mode + Playground mode\n- Support for C / Python / JavaScript / Java\n\nAdoption benefit:\n- Customized curriculum aligned to track, level, and language\n\nPlease try it first:\nhttps://codeinsight.online\n\nIf adoption is relevant for your organization, just reply to this email.\n\nCodeInsight\nl89192164@gmail.com","안녕하세요, 구름(goorm) 담당자님. AI 시대에는 코드 작성 속도보다 해석력/디버깅 이해력이 중요합니다. CodeInsight는 코드 실행 흐름·메모리 변화를 시각화해 학습 이해도를 높입니다. 맞춤 커리큘럼 제공 가능하며, 먼저 https://codeinsight.online 에서 확인 부탁드립니다.",전화 후 담당자 이메일 요청 → 본문 전송
네이버 커넥트재단(부스트캠프),사내교육 운영/비영리재단,email,connect.info@connect.or.kr,https://connect.or.kr/contact.html,재단 공식 연락처,[CodeInsight] AI 시대 코드 해석력 강화를 위한 도입 제안,[CodeInsight] Proposal for strengthening code interpretation skills in the AI era,"안녕하세요, 네이버 커넥트재단(부스트캠프) 담당자님.\n\nAI가 코딩을 대신해주는 시대일수록 학습자에게 필요한 역량은\n작성 속도보다 코드 해석력과 디버깅 이해력입니다.\n\nCodeInsight는 코드 실행 과정을 단계별로 시각화해\n학습자가 실행 흐름과 메모리 변화를 직관적으로 이해하도록 돕습니다.\n\n핵심 기능:\n- 코드 실행 단계별 시각화\n- 변수/메모리 상태 변화 추적\n- 함수 호출 흐름 추적\n- 레슨 모드 + 플레이그라운드 모드\n- C / Python / JavaScript / Java 지원\n\n도입 혜택:\n- 맞춤 커리큘럼 제공(과정/난이도/언어 기준)\n\n먼저 아래 사이트에서 확인 부탁드립니다.\nhttps://codeinsight.online\n\n도입 검토 원하시면 회신 부탁드립니다.\n\nCodeInsight\nl89192164@gmail.com","Hi 네이버 커넥트재단(부스트캠프) team,\n\nIn the AI era, learners need code interpretation and debugging understanding more than typing speed.\n\nCodeInsight helps learners understand runtime behavior visually, including execution flow and memory changes.\n\nCore features:\n- Step-by-step code execution visualization\n- Variable and memory state tracking\n- Function call flow tracing\n- Lesson mode + Playground mode\n- Support for C / Python / JavaScript / Java\n\nAdoption benefit:\n- Customized curriculum aligned to track, level, and language\n\nPlease try it first:\nhttps://codeinsight.online\n\nIf adoption is relevant for your organization, just reply to this email.\n\nCodeInsight\nl89192164@gmail.com","안녕하세요, 네이버 커넥트재단(부스트캠프) 담당자님. AI 시대에는 코드 작성 속도보다 해석력/디버깅 이해력이 중요합니다. CodeInsight는 코드 실행 흐름·메모리 변화를 시각화해 학습 이해도를 높입니다. 맞춤 커리큘럼 제공 가능하며, 먼저 https://codeinsight.online 에서 확인 부탁드립니다.",이메일 본문 그대로 발송
네이버 커넥트재단(부스트캠프),사내교육 운영/비영리재단,phone,1522-9182,https://connect.or.kr/contact.html,재단 공식 연락처,[CodeInsight] AI 시대 코드 해석력 강화를 위한 도입 제안,[CodeInsight] Proposal for strengthening code interpretation skills in the AI era,"안녕하세요, 네이버 커넥트재단(부스트캠프) 담당자님.\n\nAI가 코딩을 대신해주는 시대일수록 학습자에게 필요한 역량은\n작성 속도보다 코드 해석력과 디버깅 이해력입니다.\n\nCodeInsight는 코드 실행 과정을 단계별로 시각화해\n학습자가 실행 흐름과 메모리 변화를 직관적으로 이해하도록 돕습니다.\n\n핵심 기능:\n- 코드 실행 단계별 시각화\n- 변수/메모리 상태 변화 추적\n- 함수 호출 흐름 추적\n- 레슨 모드 + 플레이그라운드 모드\n- C / Python / JavaScript / Java 지원\n\n도입 혜택:\n- 맞춤 커리큘럼 제공(과정/난이도/언어 기준)\n\n먼저 아래 사이트에서 확인 부탁드립니다.\nhttps://codeinsight.online\n\n도입 검토 원하시면 회신 부탁드립니다.\n\nCodeInsight\nl89192164@gmail.com","Hi 네이버 커넥트재단(부스트캠프) team,\n\nIn the AI era, learners need code interpretation and debugging understanding more than typing speed.\n\nCodeInsight helps learners understand runtime behavior visually, including execution flow and memory changes.\n\nCore features:\n- Step-by-step code execution visualization\n- Variable and memory state tracking\n- Function call flow tracing\n- Lesson mode + Playground mode\n- Support for C / Python / JavaScript / Java\n\nAdoption benefit:\n- Customized curriculum aligned to track, level, and language\n\nPlease try it first:\nhttps://codeinsight.online\n\nIf adoption is relevant for your organization, just reply to this email.\n\nCodeInsight\nl89192164@gmail.com","안녕하세요, 네이버 커넥트재단(부스트캠프) 담당자님. AI 시대에는 코드 작성 속도보다 해석력/디버깅 이해력이 중요합니다. CodeInsight는 코드 실행 흐름·메모리 변화를 시각화해 학습 이해도를 높입니다. 맞춤 커리큘럼 제공 가능하며, 먼저 https://codeinsight.online 에서 확인 부탁드립니다.",전화 후 담당자 이메일 요청 → 본문 전송
부스트캠프 AI Tech,부트캠프 트랙,email,boostcamp_ai@connect.or.kr,https://boostcamp.connect.or.kr/faq.html,FAQ Contact,[CodeInsight] AI 시대 코드 해석력 강화를 위한 도입 제안,[CodeInsight] Proposal for strengthening code interpretation skills in the AI era,"안녕하세요, 부스트캠프 AI Tech 담당자님.\n\nAI가 코딩을 대신해주는 시대일수록 학습자에게 필요한 역량은\n작성 속도보다 코드 해석력과 디버깅 이해력입니다.\n\nCodeInsight는 코드 실행 과정을 단계별로 시각화해\n학습자가 실행 흐름과 메모리 변화를 직관적으로 이해하도록 돕습니다.\n\n핵심 기능:\n- 코드 실행 단계별 시각화\n- 변수/메모리 상태 변화 추적\n- 함수 호출 흐름 추적\n- 레슨 모드 + 플레이그라운드 모드\n- C / Python / JavaScript / Java 지원\n\n도입 혜택:\n- 맞춤 커리큘럼 제공(과정/난이도/언어 기준)\n\n먼저 아래 사이트에서 확인 부탁드립니다.\nhttps://codeinsight.online\n\n도입 검토 원하시면 회신 부탁드립니다.\n\nCodeInsight\nl89192164@gmail.com","Hi 부스트캠프 AI Tech team,\n\nIn the AI era, learners need code interpretation and debugging understanding more than typing speed.\n\nCodeInsight helps learners understand runtime behavior visually, including execution flow and memory changes.\n\nCore features:\n- Step-by-step code execution visualization\n- Variable and memory state tracking\n- Function call flow tracing\n- Lesson mode + Playground mode\n- Support for C / Python / JavaScript / Java\n\nAdoption benefit:\n- Customized curriculum aligned to track, level, and language\n\nPlease try it first:\nhttps://codeinsight.online\n\nIf adoption is relevant for your organization, just reply to this email.\n\nCodeInsight\nl89192164@gmail.com","안녕하세요, 부스트캠프 AI Tech 담당자님. AI 시대에는 코드 작성 속도보다 해석력/디버깅 이해력이 중요합니다. CodeInsight는 코드 실행 흐름·메모리 변화를 시각화해 학습 이해도를 높입니다. 맞춤 커리큘럼 제공 가능하며, 먼저 https://codeinsight.online 에서 확인 부탁드립니다.",이메일 본문 그대로 발송
부스트캠프 Web·Mobile,부트캠프 트랙,email,boostcamp_wm@connect.or.kr,https://boostcamp.connect.or.kr/faq.html,FAQ Contact,[CodeInsight] AI 시대 코드 해석력 강화를 위한 도입 제안,[CodeInsight] Proposal for strengthening code interpretation skills in the AI era,"안녕하세요, 부스트캠프 Web·Mobile 담당자님.\n\nAI가 코딩을 대신해주는 시대일수록 학습자에게 필요한 역량은\n작성 속도보다 코드 해석력과 디버깅 이해력입니다.\n\nCodeInsight는 코드 실행 과정을 단계별로 시각화해\n학습자가 실행 흐름과 메모리 변화를 직관적으로 이해하도록 돕습니다.\n\n핵심 기능:\n- 코드 실행 단계별 시각화\n- 변수/메모리 상태 변화 추적\n- 함수 호출 흐름 추적\n- 레슨 모드 + 플레이그라운드 모드\n- C / Python / JavaScript / Java 지원\n\n도입 혜택:\n- 맞춤 커리큘럼 제공(과정/난이도/언어 기준)\n\n먼저 아래 사이트에서 확인 부탁드립니다.\nhttps://codeinsight.online\n\n도입 검토 원하시면 회신 부탁드립니다.\n\nCodeInsight\nl89192164@gmail.com","Hi 부스트캠프 Web·Mobile team,\n\nIn the AI era, learners need code interpretation and debugging understanding more than typing speed.\n\nCodeInsight helps learners understand runtime behavior visually, including execution flow and memory changes.\n\nCore features:\n- Step-by-step code execution visualization\n- Variable and memory state tracking\n- Function call flow tracing\n- Lesson mode + Playground mode\n- Support for C / Python / JavaScript / Java\n\nAdoption benefit:\n- Customized curriculum aligned to track, level, and language\n\nPlease try it first:\nhttps://codeinsight.online\n\nIf adoption is relevant for your organization, just reply to this email.\n\nCodeInsight\nl89192164@gmail.com","안녕하세요, 부스트캠프 Web·Mobile 담당자님. AI 시대에는 코드 작성 속도보다 해석력/디버깅 이해력이 중요합니다. CodeInsight는 코드 실행 흐름·메모리 변화를 시각화해 학습 이해도를 높입니다. 맞춤 커리큘럼 제공 가능하며, 먼저 https://codeinsight.online 에서 확인 부탁드립니다.",이메일 본문 그대로 발송
삼성 SSAFY,사내교육 협력/아카데미,email,ssafy@ssafy.com,https://www.ssafy.com/ksp/jsp/swp/etc/swpPrivacy.jsp,공식 개인정보처리방침 내 문의,[CodeInsight] AI 시대 코드 해석력 강화를 위한 도입 제안,[CodeInsight] Proposal for strengthening code interpretation skills in the AI era,"안녕하세요, 삼성 SSAFY 담당자님.\n\nAI가 코딩을 대신해주는 시대일수록 학습자에게 필요한 역량은\n작성 속도보다 코드 해석력과 디버깅 이해력입니다.\n\nCodeInsight는 코드 실행 과정을 단계별로 시각화해\n학습자가 실행 흐름과 메모리 변화를 직관적으로 이해하도록 돕습니다.\n\n핵심 기능:\n- 코드 실행 단계별 시각화\n- 변수/메모리 상태 변화 추적\n- 함수 호출 흐름 추적\n- 레슨 모드 + 플레이그라운드 모드\n- C / Python / JavaScript / Java 지원\n\n도입 혜택:\n- 맞춤 커리큘럼 제공(과정/난이도/언어 기준)\n\n먼저 아래 사이트에서 확인 부탁드립니다.\nhttps://codeinsight.online\n\n도입 검토 원하시면 회신 부탁드립니다.\n\nCodeInsight\nl89192164@gmail.com","Hi 삼성 SSAFY team,\n\nIn the AI era, learners need code interpretation and debugging understanding more than typing speed.\n\nCodeInsight helps learners understand runtime behavior visually, including execution flow and memory changes.\n\nCore features:\n- Step-by-step code execution visualization\n- Variable and memory state tracking\n- Function call flow tracing\n- Lesson mode + Playground mode\n- Support for C / Python / JavaScript / Java\n\nAdoption benefit:\n- Customized curriculum aligned to track, level, and language\n\nPlease try it first:\nhttps://codeinsight.online\n\nIf adoption is relevant for your organization, just reply to this email.\n\nCodeInsight\nl89192164@gmail.com","안녕하세요, 삼성 SSAFY 담당자님. AI 시대에는 코드 작성 속도보다 해석력/디버깅 이해력이 중요합니다. CodeInsight는 코드 실행 흐름·메모리 변화를 시각화해 학습 이해도를 높입니다. 맞춤 커리큘럼 제공 가능하며, 먼저 https://codeinsight.online 에서 확인 부탁드립니다.",이메일 본문 그대로 발송
카카오테크 부트캠프(RAPA),부트캠프,email,ktb@rapa.or.kr,https://edu.rapa.or.kr/recruitment/1862,모집 공고 문의처,[CodeInsight] AI 시대 코드 해석력 강화를 위한 도입 제안,[CodeInsight] Proposal for strengthening code interpretation skills in the AI era,"안녕하세요, 카카오테크 부트캠프(RAPA) 담당자님.\n\nAI가 코딩을 대신해주는 시대일수록 학습자에게 필요한 역량은\n작성 속도보다 코드 해석력과 디버깅 이해력입니다.\n\nCodeInsight는 코드 실행 과정을 단계별로 시각화해\n학습자가 실행 흐름과 메모리 변화를 직관적으로 이해하도록 돕습니다.\n\n핵심 기능:\n- 코드 실행 단계별 시각화\n- 변수/메모리 상태 변화 추적\n- 함수 호출 흐름 추적\n- 레슨 모드 + 플레이그라운드 모드\n- C / Python / JavaScript / Java 지원\n\n도입 혜택:\n- 맞춤 커리큘럼 제공(과정/난이도/언어 기준)\n\n먼저 아래 사이트에서 확인 부탁드립니다.\nhttps://codeinsight.online\n\n도입 검토 원하시면 회신 부탁드립니다.\n\nCodeInsight\nl89192164@gmail.com","Hi 카카오테크 부트캠프(RAPA) team,\n\nIn the AI era, learners need code interpretation and debugging understanding more than typing speed.\n\nCodeInsight helps learners understand runtime behavior visually, including execution flow and memory changes.\n\nCore features:\n- Step-by-step code execution visualization\n- Variable and memory state tracking\n- Function call flow tracing\n- Lesson mode + Playground mode\n- Support for C / Python / JavaScript / Java\n\nAdoption benefit:\n- Customized curriculum aligned to track, level, and language\n\nPlease try it first:\nhttps://codeinsight.online\n\nIf adoption is relevant for your organization, just reply to this email.\n\nCodeInsight\nl89192164@gmail.com","안녕하세요, 카카오테크 부트캠프(RAPA) 담당자님. AI 시대에는 코드 작성 속도보다 해석력/디버깅 이해력이 중요합니다. CodeInsight는 코드 실행 흐름·메모리 변화를 시각화해 학습 이해도를 높입니다. 맞춤 커리큘럼 제공 가능하며, 먼저 https://codeinsight.online 에서 확인 부탁드립니다.",이메일 본문 그대로 발송
크래프톤 정글,사내교육 운영사,email,jungle@krafton.com,https://jungle.krafton.com/news/faq,공식 FAQ 하단,[CodeInsight] AI 시대 코드 해석력 강화를 위한 도입 제안,[CodeInsight] Proposal for strengthening code interpretation skills in the AI era,"안녕하세요, 크래프톤 정글 담당자님.\n\nAI가 코딩을 대신해주는 시대일수록 학습자에게 필요한 역량은\n작성 속도보다 코드 해석력과 디버깅 이해력입니다.\n\nCodeInsight는 코드 실행 과정을 단계별로 시각화해\n학습자가 실행 흐름과 메모리 변화를 직관적으로 이해하도록 돕습니다.\n\n핵심 기능:\n- 코드 실행 단계별 시각화\n- 변수/메모리 상태 변화 추적\n- 함수 호출 흐름 추적\n- 레슨 모드 + 플레이그라운드 모드\n- C / Python / JavaScript / Java 지원\n\n도입 혜택:\n- 맞춤 커리큘럼 제공(과정/난이도/언어 기준)\n\n먼저 아래 사이트에서 확인 부탁드립니다.\nhttps://codeinsight.online\n\n도입 검토 원하시면 회신 부탁드립니다.\n\nCodeInsight\nl89192164@gmail.com","Hi 크래프톤 정글 team,\n\nIn the AI era, learners need code interpretation and debugging understanding more than typing speed.\n\nCodeInsight helps learners understand runtime behavior visually, including execution flow and memory changes.\n\nCore features:\n- Step-by-step code execution visualization\n- Variable and memory state tracking\n- Function call flow tracing\n- Lesson mode + Playground mode\n- Support for C / Python / JavaScript / Java\n\nAdoption benefit:\n- Customized curriculum aligned to track, level, and language\n\nPlease try it first:\nhttps://codeinsight.online\n\nIf adoption is relevant for your organization, just reply to this email.\n\nCodeInsight\nl89192164@gmail.com","안녕하세요, 크래프톤 정글 담당자님. AI 시대에는 코드 작성 속도보다 해석력/디버깅 이해력이 중요합니다. CodeInsight는 코드 실행 흐름·메모리 변화를 시각화해 학습 이해도를 높입니다. 맞춤 커리큘럼 제공 가능하며, 먼저 https://codeinsight.online 에서 확인 부탁드립니다.",이메일 본문 그대로 발송
크래프톤 정글,사내교육 운영사,email,jungle@krafton.com,https://jungle.krafton.com/program/info,공식 프로그램 페이지 캠퍼스 안내,[CodeInsight] AI 시대 코드 해석력 강화를 위한 도입 제안,[CodeInsight] Proposal for strengthening code interpretation skills in the AI era,"안녕하세요, 크래프톤 정글 담당자님.\n\nAI가 코딩을 대신해주는 시대일수록 학습자에게 필요한 역량은\n작성 속도보다 코드 해석력과 디버깅 이해력입니다.\n\nCodeInsight는 코드 실행 과정을 단계별로 시각화해\n학습자가 실행 흐름과 메모리 변화를 직관적으로 이해하도록 돕습니다.\n\n핵심 기능:\n- 코드 실행 단계별 시각화\n- 변수/메모리 상태 변화 추적\n- 함수 호출 흐름 추적\n- 레슨 모드 + 플레이그라운드 모드\n- C / Python / JavaScript / Java 지원\n\n도입 혜택:\n- 맞춤 커리큘럼 제공(과정/난이도/언어 기준)\n\n먼저 아래 사이트에서 확인 부탁드립니다.\nhttps://codeinsight.online\n\n도입 검토 원하시면 회신 부탁드립니다.\n\nCodeInsight\nl89192164@gmail.com","Hi 크래프톤 정글 team,\n\nIn the AI era, learners need code interpretation and debugging understanding more than typing speed.\n\nCodeInsight helps learners understand runtime behavior visually, including execution flow and memory changes.\n\nCore features:\n- Step-by-step code execution visualization\n- Variable and memory state tracking\n- Function call flow tracing\n- Lesson mode + Playground mode\n- Support for C / Python / JavaScript / Java\n\nAdoption benefit:\n- Customized curriculum aligned to track, level, and language\n\nPlease try it first:\nhttps://codeinsight.online\n\nIf adoption is relevant for your organization, just reply to this email.\n\nCodeInsight\nl89192164@gmail.com","안녕하세요, 크래프톤 정글 담당자님. AI 시대에는 코드 작성 속도보다 해석력/디버깅 이해력이 중요합니다. CodeInsight는 코드 실행 흐름·메모리 변화를 시각화해 학습 이해도를 높입니다. 맞춤 커리큘럼 제공 가능하며, 먼저 https://codeinsight.online 에서 확인 부탁드립니다.",이메일 본문 그대로 발송
LG CNS,사내교육 운영사/AX,phone,02-3777-1114,https://www.lgcns.com/kr/contact-us/inquire,공식 문의 페이지,[CodeInsight] AI 시대 코드 해석력 강화를 위한 도입 제안,[CodeInsight] Proposal for strengthening code interpretation skills in the AI era,"안녕하세요, LG CNS 담당자님.\n\nAI가 코딩을 대신해주는 시대일수록 학습자에게 필요한 역량은\n작성 속도보다 코드 해석력과 디버깅 이해력입니다.\n\nCodeInsight는 코드 실행 과정을 단계별로 시각화해\n학습자가 실행 흐름과 메모리 변화를 직관적으로 이해하도록 돕습니다.\n\n핵심 기능:\n- 코드 실행 단계별 시각화\n- 변수/메모리 상태 변화 추적\n- 함수 호출 흐름 추적\n- 레슨 모드 + 플레이그라운드 모드\n- C / Python / JavaScript / Java 지원\n\n도입 혜택:\n- 맞춤 커리큘럼 제공(과정/난이도/언어 기준)\n\n먼저 아래 사이트에서 확인 부탁드립니다.\nhttps://codeinsight.online\n\n도입 검토 원하시면 회신 부탁드립니다.\n\nCodeInsight\nl89192164@gmail.com","Hi LG CNS team,\n\nIn the AI era, learners need code interpretation and debugging understanding more than typing speed.\n\nCodeInsight helps learners understand runtime behavior visually, including execution flow and memory changes.\n\nCore features:\n- Step-by-step code execution visualization\n- Variable and memory state tracking\n- Function call flow tracing\n- Lesson mode + Playground mode\n- Support for C / Python / JavaScript / Java\n\nAdoption benefit:\n- Customized curriculum aligned to track, level, and language\n\nPlease try it first:\nhttps://codeinsight.online\n\nIf adoption is relevant for your organization, just reply to this email.\n\nCodeInsight\nl89192164@gmail.com","안녕하세요, LG CNS 담당자님. AI 시대에는 코드 작성 속도보다 해석력/디버깅 이해력이 중요합니다. CodeInsight는 코드 실행 흐름·메모리 변화를 시각화해 학습 이해도를 높입니다. 맞춤 커리큘럼 제공 가능하며, 먼저 https://codeinsight.online 에서 확인 부탁드립니다.",전화 후 담당자 이메일 요청 → 본문 전송
LG CNS,사내교육 운영사/AX,form,상담 및 문의하기,https://www.lgcns.com/kr/contact-us/inquire,공식 문의 폼,[CodeInsight] AI 시대 코드 해석력 강화를 위한 도입 제안,[CodeInsight] Proposal for strengthening code interpretation skills in the AI era,"안녕하세요, LG CNS 담당자님.\n\nAI가 코딩을 대신해주는 시대일수록 학습자에게 필요한 역량은\n작성 속도보다 코드 해석력과 디버깅 이해력입니다.\n\nCodeInsight는 코드 실행 과정을 단계별로 시각화해\n학습자가 실행 흐름과 메모리 변화를 직관적으로 이해하도록 돕습니다.\n\n핵심 기능:\n- 코드 실행 단계별 시각화\n- 변수/메모리 상태 변화 추적\n- 함수 호출 흐름 추적\n- 레슨 모드 + 플레이그라운드 모드\n- C / Python / JavaScript / Java 지원\n\n도입 혜택:\n- 맞춤 커리큘럼 제공(과정/난이도/언어 기준)\n\n먼저 아래 사이트에서 확인 부탁드립니다.\nhttps://codeinsight.online\n\n도입 검토 원하시면 회신 부탁드립니다.\n\nCodeInsight\nl89192164@gmail.com","Hi LG CNS team,\n\nIn the AI era, learners need code interpretation and debugging understanding more than typing speed.\n\nCodeInsight helps learners understand runtime behavior visually, including execution flow and memory changes.\n\nCore features:\n- Step-by-step code execution visualization\n- Variable and memory state tracking\n- Function call flow tracing\n- Lesson mode + Playground mode\n- Support for C / Python / JavaScript / Java\n\nAdoption benefit:\n- Customized curriculum aligned to track, level, and language\n\nPlease try it first:\nhttps://codeinsight.online\n\nIf adoption is relevant for your organization, just reply to this email.\n\nCodeInsight\nl89192164@gmail.com","안녕하세요, LG CNS 담당자님. AI 시대에는 코드 작성 속도보다 해석력/디버깅 이해력이 중요합니다. CodeInsight는 코드 실행 흐름·메모리 변화를 시각화해 학습 이해도를 높입니다. 맞춤 커리큘럼 제공 가능하며, 먼저 https://codeinsight.online 에서 확인 부탁드립니다.",문의 폼에 제목/본문 붙여넣기
삼성전자,사내교육 운영사/DX,phone,1588-3366,https://www.samsung.com/sec/support/model/SM-G955NZSALUO/,제품/서비스/멤버십 대표번호,[CodeInsight] AI 시대 코드 해석력 강화를 위한 도입 제안,[CodeInsight] Proposal for strengthening code interpretation skills in the AI era,"안녕하세요, 삼성전자 담당자님.\n\nAI가 코딩을 대신해주는 시대일수록 학습자에게 필요한 역량은\n작성 속도보다 코드 해석력과 디버깅 이해력입니다.\n\nCodeInsight는 코드 실행 과정을 단계별로 시각화해\n학습자가 실행 흐름과 메모리 변화를 직관적으로 이해하도록 돕습니다.\n\n핵심 기능:\n- 코드 실행 단계별 시각화\n- 변수/메모리 상태 변화 추적\n- 함수 호출 흐름 추적\n- 레슨 모드 + 플레이그라운드 모드\n- C / Python / JavaScript / Java 지원\n\n도입 혜택:\n- 맞춤 커리큘럼 제공(과정/난이도/언어 기준)\n\n먼저 아래 사이트에서 확인 부탁드립니다.\nhttps://codeinsight.online\n\n도입 검토 원하시면 회신 부탁드립니다.\n\nCodeInsight\nl89192164@gmail.com","Hi 삼성전자 team,\n\nIn the AI era, learners need code interpretation and debugging understanding more than typing speed.\n\nCodeInsight helps learners understand runtime behavior visually, including execution flow and memory changes.\n\nCore features:\n- Step-by-step code execution visualization\n- Variable and memory state tracking\n- Function call flow tracing\n- Lesson mode + Playground mode\n- Support for C / Python / JavaScript / Java\n\nAdoption benefit:\n- Customized curriculum aligned to track, level, and language\n\nPlease try it first:\nhttps://codeinsight.online\n\nIf adoption is relevant for your organization, just reply to this email.\n\nCodeInsight\nl89192164@gmail.com","안녕하세요, 삼성전자 담당자님. AI 시대에는 코드 작성 속도보다 해석력/디버깅 이해력이 중요합니다. CodeInsight는 코드 실행 흐름·메모리 변화를 시각화해 학습 이해도를 높입니다. 맞춤 커리큘럼 제공 가능하며, 먼저 https://codeinsight.online 에서 확인 부탁드립니다.",전화 후 담당자 이메일 요청 → 본문 전송
삼성전자,사내교육 운영사/DX,phone,02-2255-0114,https://www.samsung.com/sec/support/model/SM-G955NZSALUO/,대표번호,[CodeInsight] AI 시대 코드 해석력 강화를 위한 도입 제안,[CodeInsight] Proposal for strengthening code interpretation skills in the AI era,"안녕하세요, 삼성전자 담당자님.\n\nAI가 코딩을 대신해주는 시대일수록 학습자에게 필요한 역량은\n작성 속도보다 코드 해석력과 디버깅 이해력입니다.\n\nCodeInsight는 코드 실행 과정을 단계별로 시각화해\n학습자가 실행 흐름과 메모리 변화를 직관적으로 이해하도록 돕습니다.\n\n핵심 기능:\n- 코드 실행 단계별 시각화\n- 변수/메모리 상태 변화 추적\n- 함수 호출 흐름 추적\n- 레슨 모드 + 플레이그라운드 모드\n- C / Python / JavaScript / Java 지원\n\n도입 혜택:\n- 맞춤 커리큘럼 제공(과정/난이도/언어 기준)\n\n먼저 아래 사이트에서 확인 부탁드립니다.\nhttps://codeinsight.online\n\n도입 검토 원하시면 회신 부탁드립니다.\n\nCodeInsight\nl89192164@gmail.com","Hi 삼성전자 team,\n\nIn the AI era, learners need code interpretation and debugging understanding more than typing speed.\n\nCodeInsight helps learners understand runtime behavior visually, including execution flow and memory changes.\n\nCore features:\n- Step-by-step code execution visualization\n- Variable and memory state tracking\n- Function call flow tracing\n- Lesson mode + Playground mode\n- Support for C / Python / JavaScript / Java\n\nAdoption benefit:\n- Customized curriculum aligned to track, level, and language\n\nPlease try it first:\nhttps://codeinsight.online\n\nIf adoption is relevant for your organization, just reply to this email.\n\nCodeInsight\nl89192164@gmail.com","안녕하세요, 삼성전자 담당자님. AI 시대에는 코드 작성 속도보다 해석력/디버깅 이해력이 중요합니다. CodeInsight는 코드 실행 흐름·메모리 변화를 시각화해 학습 이해도를 높입니다. 맞춤 커리큘럼 제공 가능하며, 먼저 https://codeinsight.online 에서 확인 부탁드립니다.",전화 후 담당자 이메일 요청 → 본문 전송
카카오,사내교육 운영사/디지털,phone,1899-1326,https://www.kakaocorp.com/ir/wayToCome,카카오 본사 대표전화,[CodeInsight] AI 시대 코드 해석력 강화를 위한 도입 제안,[CodeInsight] Proposal for strengthening code interpretation skills in the AI era,"안녕하세요, 카카오 담당자님.\n\nAI가 코딩을 대신해주는 시대일수록 학습자에게 필요한 역량은\n작성 속도보다 코드 해석력과 디버깅 이해력입니다.\n\nCodeInsight는 코드 실행 과정을 단계별로 시각화해\n학습자가 실행 흐름과 메모리 변화를 직관적으로 이해하도록 돕습니다.\n\n핵심 기능:\n- 코드 실행 단계별 시각화\n- 변수/메모리 상태 변화 추적\n- 함수 호출 흐름 추적\n- 레슨 모드 + 플레이그라운드 모드\n- C / Python / JavaScript / Java 지원\n\n도입 혜택:\n- 맞춤 커리큘럼 제공(과정/난이도/언어 기준)\n\n먼저 아래 사이트에서 확인 부탁드립니다.\nhttps://codeinsight.online\n\n도입 검토 원하시면 회신 부탁드립니다.\n\nCodeInsight\nl89192164@gmail.com","Hi 카카오 team,\n\nIn the AI era, learners need code interpretation and debugging understanding more than typing speed.\n\nCodeInsight helps learners understand runtime behavior visually, including execution flow and memory changes.\n\nCore features:\n- Step-by-step code execution visualization\n- Variable and memory state tracking\n- Function call flow tracing\n- Lesson mode + Playground mode\n- Support for C / Python / JavaScript / Java\n\nAdoption benefit:\n- Customized curriculum aligned to track, level, and language\n\nPlease try it first:\nhttps://codeinsight.online\n\nIf adoption is relevant for your organization, just reply to this email.\n\nCodeInsight\nl89192164@gmail.com","안녕하세요, 카카오 담당자님. AI 시대에는 코드 작성 속도보다 해석력/디버깅 이해력이 중요합니다. CodeInsight는 코드 실행 흐름·메모리 변화를 시각화해 학습 이해도를 높입니다. 맞춤 커리큘럼 제공 가능하며, 먼저 https://codeinsight.online 에서 확인 부탁드립니다.",전화 후 담당자 이메일 요청 → 본문 전송
카카오,사내교육 운영사/디지털,phone,1577-3754,https://www.kakaocorp.com/ir/wayToCome,카카오 서비스 고객센터,[CodeInsight] AI 시대 코드 해석력 강화를 위한 도입 제안,[CodeInsight] Proposal for strengthening code interpretation skills in the AI era,"안녕하세요, 카카오 담당자님.\n\nAI가 코딩을 대신해주는 시대일수록 학습자에게 필요한 역량은\n작성 속도보다 코드 해석력과 디버깅 이해력입니다.\n\nCodeInsight는 코드 실행 과정을 단계별로 시각화해\n학습자가 실행 흐름과 메모리 변화를 직관적으로 이해하도록 돕습니다.\n\n핵심 기능:\n- 코드 실행 단계별 시각화\n- 변수/메모리 상태 변화 추적\n- 함수 호출 흐름 추적\n- 레슨 모드 + 플레이그라운드 모드\n- C / Python / JavaScript / Java 지원\n\n도입 혜택:\n- 맞춤 커리큘럼 제공(과정/난이도/언어 기준)\n\n먼저 아래 사이트에서 확인 부탁드립니다.\nhttps://codeinsight.online\n\n도입 검토 원하시면 회신 부탁드립니다.\n\nCodeInsight\nl89192164@gmail.com","Hi 카카오 team,\n\nIn the AI era, learners need code interpretation and debugging understanding more than typing speed.\n\nCodeInsight helps learners understand runtime behavior visually, including execution flow and memory changes.\n\nCore features:\n- Step-by-step code execution visualization\n- Variable and memory state tracking\n- Function call flow tracing\n- Lesson mode + Playground mode\n- Support for C / Python / JavaScript / Java\n\nAdoption benefit:\n- Customized curriculum aligned to track, level, and language\n\nPlease try it first:\nhttps://codeinsight.online\n\nIf adoption is relevant for your organization, just reply to this email.\n\nCodeInsight\nl89192164@gmail.com","안녕하세요, 카카오 담당자님. AI 시대에는 코드 작성 속도보다 해석력/디버깅 이해력이 중요합니다. CodeInsight는 코드 실행 흐름·메모리 변화를 시각화해 학습 이해도를 높입니다. 맞춤 커리큘럼 제공 가능하며, 먼저 https://codeinsight.online 에서 확인 부탁드립니다.",전화 후 담당자 이메일 요청 → 본문 전송
카카오,사내교육 운영사/디지털,phone,1577-3321,https://www.kakaocorp.com/ir/wayToCome,다음 서비스 고객센터,[CodeInsight] AI 시대 코드 해석력 강화를 위한 도입 제안,[CodeInsight] Proposal for strengthening code interpretation skills in the AI era,"안녕하세요, 카카오 담당자님.\n\nAI가 코딩을 대신해주는 시대일수록 학습자에게 필요한 역량은\n작성 속도보다 코드 해석력과 디버깅 이해력입니다.\n\nCodeInsight는 코드 실행 과정을 단계별로 시각화해\n학습자가 실행 흐름과 메모리 변화를 직관적으로 이해하도록 돕습니다.\n\n핵심 기능:\n- 코드 실행 단계별 시각화\n- 변수/메모리 상태 변화 추적\n- 함수 호출 흐름 추적\n- 레슨 모드 + 플레이그라운드 모드\n- C / Python / JavaScript / Java 지원\n\n도입 혜택:\n- 맞춤 커리큘럼 제공(과정/난이도/언어 기준)\n\n먼저 아래 사이트에서 확인 부탁드립니다.\nhttps://codeinsight.online\n\n도입 검토 원하시면 회신 부탁드립니다.\n\nCodeInsight\nl89192164@gmail.com","Hi 카카오 team,\n\nIn the AI era, learners need code interpretation and debugging understanding more than typing speed.\n\nCodeInsight helps learners understand runtime behavior visually, including execution flow and memory changes.\n\nCore features:\n- Step-by-step code execution visualization\n- Variable and memory state tracking\n- Function call flow tracing\n- Lesson mode + Playground mode\n- Support for C / Python / JavaScript / Java\n\nAdoption benefit:\n- Customized curriculum aligned to track, level, and language\n\nPlease try it first:\nhttps://codeinsight.online\n\nIf adoption is relevant for your organization, just reply to this email.\n\nCodeInsight\nl89192164@gmail.com","안녕하세요, 카카오 담당자님. AI 시대에는 코드 작성 속도보다 해석력/디버깅 이해력이 중요합니다. CodeInsight는 코드 실행 흐름·메모리 변화를 시각화해 학습 이해도를 높입니다. 맞춤 커리큘럼 제공 가능하며, 먼저 https://codeinsight.online 에서 확인 부탁드립니다.",전화 후 담당자 이메일 요청 → 본문 전송
카카오,사내교육 운영사/디지털,web,카카오 고객센터,https://cs.kakao.com/?t_src=mainpage,공식 고객센터 웹 문의,[CodeInsight] AI 시대 코드 해석력 강화를 위한 도입 제안,[CodeInsight] Proposal for strengthening code interpretation skills in the AI era,"안녕하세요, 카카오 담당자님.\n\nAI가 코딩을 대신해주는 시대일수록 학습자에게 필요한 역량은\n작성 속도보다 코드 해석력과 디버깅 이해력입니다.\n\nCodeInsight는 코드 실행 과정을 단계별로 시각화해\n학습자가 실행 흐름과 메모리 변화를 직관적으로 이해하도록 돕습니다.\n\n핵심 기능:\n- 코드 실행 단계별 시각화\n- 변수/메모리 상태 변화 추적\n- 함수 호출 흐름 추적\n- 레슨 모드 + 플레이그라운드 모드\n- C / Python / JavaScript / Java 지원\n\n도입 혜택:\n- 맞춤 커리큘럼 제공(과정/난이도/언어 기준)\n\n먼저 아래 사이트에서 확인 부탁드립니다.\nhttps://codeinsight.online\n\n도입 검토 원하시면 회신 부탁드립니다.\n\nCodeInsight\nl89192164@gmail.com","Hi 카카오 team,\n\nIn the AI era, learners need code interpretation and debugging understanding more than typing speed.\n\nCodeInsight helps learners understand runtime behavior visually, including execution flow and memory changes.\n\nCore features:\n- Step-by-step code execution visualization\n- Variable and memory state tracking\n- Function call flow tracing\n- Lesson mode + Playground mode\n- Support for C / Python / JavaScript / Java\n\nAdoption benefit:\n- Customized curriculum aligned to track, level, and language\n\nPlease try it first:\nhttps://codeinsight.online\n\nIf adoption is relevant for your organization, just reply to this email.\n\nCodeInsight\nl89192164@gmail.com","안녕하세요, 카카오 담당자님. AI 시대에는 코드 작성 속도보다 해석력/디버깅 이해력이 중요합니다. CodeInsight는 코드 실행 흐름·메모리 변화를 시각화해 학습 이해도를 높입니다. 맞춤 커리큘럼 제공 가능하며, 먼저 https://codeinsight.online 에서 확인 부탁드립니다.",채팅/웹문의에 본문 축약본 전송
SK텔레콤,사내교육 운영사/AI·데이터,phone,114(휴대폰),https://ktoa.easymedia.kr/ko/civil-complaint/communication/contents,KTOA 통신사 민원전화,[CodeInsight] AI 시대 코드 해석력 강화를 위한 도입 제안,[CodeInsight] Proposal for strengthening code interpretation skills in the AI era,"안녕하세요, SK텔레콤 담당자님.\n\nAI가 코딩을 대신해주는 시대일수록 학습자에게 필요한 역량은\n작성 속도보다 코드 해석력과 디버깅 이해력입니다.\n\nCodeInsight는 코드 실행 과정을 단계별로 시각화해\n학습자가 실행 흐름과 메모리 변화를 직관적으로 이해하도록 돕습니다.\n\n핵심 기능:\n- 코드 실행 단계별 시각화\n- 변수/메모리 상태 변화 추적\n- 함수 호출 흐름 추적\n- 레슨 모드 + 플레이그라운드 모드\n- C / Python / JavaScript / Java 지원\n\n도입 혜택:\n- 맞춤 커리큘럼 제공(과정/난이도/언어 기준)\n\n먼저 아래 사이트에서 확인 부탁드립니다.\nhttps://codeinsight.online\n\n도입 검토 원하시면 회신 부탁드립니다.\n\nCodeInsight\nl89192164@gmail.com","Hi SK텔레콤 team,\n\nIn the AI era, learners need code interpretation and debugging understanding more than typing speed.\n\nCodeInsight helps learners understand runtime behavior visually, including execution flow and memory changes.\n\nCore features:\n- Step-by-step code execution visualization\n- Variable and memory state tracking\n- Function call flow tracing\n- Lesson mode + Playground mode\n- Support for C / Python / JavaScript / Java\n\nAdoption benefit:\n- Customized curriculum aligned to track, level, and language\n\nPlease try it first:\nhttps://codeinsight.online\n\nIf adoption is relevant for your organization, just reply to this email.\n\nCodeInsight\nl89192164@gmail.com","안녕하세요, SK텔레콤 담당자님. AI 시대에는 코드 작성 속도보다 해석력/디버깅 이해력이 중요합니다. CodeInsight는 코드 실행 흐름·메모리 변화를 시각화해 학습 이해도를 높입니다. 맞춤 커리큘럼 제공 가능하며, 먼저 https://codeinsight.online 에서 확인 부탁드립니다.",전화 후 담당자 이메일 요청 → 본문 전송
SK텔레콤,사내교육 운영사/AI·데이터,phone,080-011-6000,https://ktoa.easymedia.kr/ko/civil-complaint/communication/contents,KTOA 통신사 민원전화,[CodeInsight] AI 시대 코드 해석력 강화를 위한 도입 제안,[CodeInsight] Proposal for strengthening code interpretation skills in the AI era,"안녕하세요, SK텔레콤 담당자님.\n\nAI가 코딩을 대신해주는 시대일수록 학습자에게 필요한 역량은\n작성 속도보다 코드 해석력과 디버깅 이해력입니다.\n\nCodeInsight는 코드 실행 과정을 단계별로 시각화해\n학습자가 실행 흐름과 메모리 변화를 직관적으로 이해하도록 돕습니다.\n\n핵심 기능:\n- 코드 실행 단계별 시각화\n- 변수/메모리 상태 변화 추적\n- 함수 호출 흐름 추적\n- 레슨 모드 + 플레이그라운드 모드\n- C / Python / JavaScript / Java 지원\n\n도입 혜택:\n- 맞춤 커리큘럼 제공(과정/난이도/언어 기준)\n\n먼저 아래 사이트에서 확인 부탁드립니다.\nhttps://codeinsight.online\n\n도입 검토 원하시면 회신 부탁드립니다.\n\nCodeInsight\nl89192164@gmail.com","Hi SK텔레콤 team,\n\nIn the AI era, learners need code interpretation and debugging understanding more than typing speed.\n\nCodeInsight helps learners understand runtime behavior visually, including execution flow and memory changes.\n\nCore features:\n- Step-by-step code execution visualization\n- Variable and memory state tracking\n- Function call flow tracing\n- Lesson mode + Playground mode\n- Support for C / Python / JavaScript / Java\n\nAdoption benefit:\n- Customized curriculum aligned to track, level, and language\n\nPlease try it first:\nhttps://codeinsight.online\n\nIf adoption is relevant for your organization, just reply to this email.\n\nCodeInsight\nl89192164@gmail.com","안녕하세요, SK텔레콤 담당자님. AI 시대에는 코드 작성 속도보다 해석력/디버깅 이해력이 중요합니다. CodeInsight는 코드 실행 흐름·메모리 변화를 시각화해 학습 이해도를 높입니다. 맞춤 커리큘럼 제공 가능하며, 먼저 https://codeinsight.online 에서 확인 부탁드립니다.",전화 후 담당자 이메일 요청 → 본문 전송
SK텔레콤,사내교육 운영사/AI·데이터,phone,1599-0011,https://ktoa.easymedia.kr/ko/civil-complaint/communication/contents,KTOA 통신사 민원전화,[CodeInsight] AI 시대 코드 해석력 강화를 위한 도입 제안,[CodeInsight] Proposal for strengthening code interpretation skills in the AI era,"안녕하세요, SK텔레콤 담당자님.\n\nAI가 코딩을 대신해주는 시대일수록 학습자에게 필요한 역량은\n작성 속도보다 코드 해석력과 디버깅 이해력입니다.\n\nCodeInsight는 코드 실행 과정을 단계별로 시각화해\n학습자가 실행 흐름과 메모리 변화를 직관적으로 이해하도록 돕습니다.\n\n핵심 기능:\n- 코드 실행 단계별 시각화\n- 변수/메모리 상태 변화 추적\n- 함수 호출 흐름 추적\n- 레슨 모드 + 플레이그라운드 모드\n- C / Python / JavaScript / Java 지원\n\n도입 혜택:\n- 맞춤 커리큘럼 제공(과정/난이도/언어 기준)\n\n먼저 아래 사이트에서 확인 부탁드립니다.\nhttps://codeinsight.online\n\n도입 검토 원하시면 회신 부탁드립니다.\n\nCodeInsight\nl89192164@gmail.com","Hi SK텔레콤 team,\n\nIn the AI era, learners need code interpretation and debugging understanding more than typing speed.\n\nCodeInsight helps learners understand runtime behavior visually, including execution flow and memory changes.\n\nCore features:\n- Step-by-step code execution visualization\n- Variable and memory state tracking\n- Function call flow tracing\n- Lesson mode + Playground mode\n- Support for C / Python / JavaScript / Java\n\nAdoption benefit:\n- Customized curriculum aligned to track, level, and language\n\nPlease try it first:\nhttps://codeinsight.online\n\nIf adoption is relevant for your organization, just reply to this email.\n\nCodeInsight\nl89192164@gmail.com","안녕하세요, SK텔레콤 담당자님. AI 시대에는 코드 작성 속도보다 해석력/디버깅 이해력이 중요합니다. CodeInsight는 코드 실행 흐름·메모리 변화를 시각화해 학습 이해도를 높입니다. 맞춤 커리큘럼 제공 가능하며, 먼저 https://codeinsight.online 에서 확인 부탁드립니다.",전화 후 담당자 이메일 요청 → 본문 전송
